seller_id,item_id,item_name,category,market_price,expected_units_sold,expected_revenue
S149,I100019,Dyson Vacuum Cleaner,Home Appliances,111448.05345,3000.0,3.3434416035E8
S105,I100019,Dyson Vacuum Cleaner,Home Appliances,111448.05345,3000.0,3.3434416035E8
S148,I100019,Dyson Vacuum Cleaner,Home Appliances,111448.05345,3000.0,3.3434416035E8
S106,I100019,Dyson Vacuum Cleaner,Home Appliances,111448.05345,3000.0,3.3434416035E8
S102,I100019,Dyson Vacuum Cleaner,Home Appliances,111448.05345,3000.0,3.3434416035E8
S104,I100019,Dyson Vacuum Cleaner,Home Appliances,111448.05345,3000.0,3.3434416035E8
S120,I100019,Dyson Vacuum Cleaner,Home Appliances,111448.05345,3000.0,3.3434416035E8
S143,I100019,Dyson Vacuum Cleaner,Home Appliances,111448.05345,3000.0,3.3434416035E8
S119,I100019,Dyson Vacuum Cleaner,Home Appliances,111448.05345,3000.0,3.3434416035E8
S145,I100019,Dyson Vacuum Cleaner,Home Appliances,111448.05345,3000.0,3.3434416035E8
S136,I100019,Dyson Vacuum Cleaner,Home Appliances,111448.05345,3000.0,3.3434416035E8
S115,I100019,Dyson Vacuum Cleaner,Home Appliances,111448.05345,3000.0,3.3434416035E8
S107,I100019,Dyson Vacuum Cleaner,Home Appliances,111448.05345,3000.0,3.3434416035E8
S110,I100019,Dyson Vacuum Cleaner,Home Appliances,111448.05345,3000.0,3.3434416035E8
S118,I100019,Dyson Vacuum Cleaner,Home Appliances,111448.05345,3000.0,3.3434416035E8
S101,I100019,Dyson Vacuum Cleaner,Home Appliances,111448.05345,3000.0,3.3434416035E8
S129,I100019,Dyson Vacuum Cleaner,Home Appliances,111448.05345,3000.0,3.3434416035E8
S126,I100019,Dyson Vacuum Cleaner,Home Appliances,111448.05345,3000.0,3.3434416035E8
S135,I100019,Dyson Vacuum Cleaner,Home Appliances,111448.05345,3000.0,3.3434416035E8
S131,I100019,Dyson Vacuum Cleaner,Home Appliances,111448.05345,3000.0,3.3434416035E8
S125,I100019,Dyson Vacuum Cleaner,Home Appliances,111448.05345,3000.0,3.3434416035E8
S108,I100019,Dyson Vacuum Cleaner,Home Appliances,111448.05345,3000.0,3.3434416035E8
S109,I100019,Dyson Vacuum Cleaner,Home Appliances,111448.05345,3000.0,3.3434416035E8
S146,I100019,Dyson Vacuum Cleaner,Home Appliances,111448.05345,3000.0,3.3434416035E8
S112,I100019,Dyson Vacuum Cleaner,Home Appliances,111448.05345,3000.0,3.3434416035E8
S150,I100019,Dyson Vacuum Cleaner,Home Appliances,111448.05345,3000.0,3.3434416035E8
S103,I100019,Dyson Vacuum Cleaner,Home Appliances,111448.05345,3000.0,3.3434416035E8
S113,I100019,Dyson Vacuum Cleaner,Home Appliances,111448.05345,3000.0,3.3434416035E8
S147,I100019,Dyson Vacuum Cleaner,Home Appliances,111448.05345,3000.0,3.3434416035E8
S138,I100019,Dyson Vacuum Cleaner,Home Appliances,111448.05345,3000.0,3.3434416035E8
S100,I100019,Dyson Vacuum Cleaner,Home Appliances,111448.05345,3000.0,3.3434416035E8
S122,I100019,Dyson Vacuum Cleaner,Home Appliances,111448.05345,3000.0,3.3434416035E8
S133,I100019,Dyson Vacuum Cleaner,Home Appliances,111448.05345,3000.0,3.3434416035E8
S123,I100019,Dyson Vacuum Cleaner,Home Appliances,111448.05345,3000.0,3.3434416035E8
S144,I100019,Dyson Vacuum Cleaner,Home Appliances,111448.05345,3000.0,3.3434416035E8
S137,I100019,Dyson Vacuum Cleaner,Home Appliances,111448.05345,3000.0,3.3434416035E8
S117,I100019,Dyson Vacuum Cleaner,Home Appliances,111448.05345,3000.0,3.3434416035E8
S134,I100019,Dyson Vacuum Cleaner,Home Appliances,111448.05345,3000.0,3.3434416035E8
S130,I100019,Dyson Vacuum Cleaner,Home Appliances,111448.05345,3000.0,3.3434416035E8
S121,I100019,Dyson Vacuum Cleaner,Home Appliances,111448.05345,3000.0,3.3434416035E8
S114,I100019,Dyson Vacuum Cleaner,Home Appliances,111448.05345,3000.0,3.3434416035E8
S124,I100019,Dyson Vacuum Cleaner,Home Appliances,111448.05345,3000.0,3.3434416035E8
S111,I100019,Dyson Vacuum Cleaner,Home Appliances,111448.05345,3000.0,3.3434416035E8
S116,I100019,Dyson Vacuum Cleaner,Home Appliances,111448.05345,3000.0,3.3434416035E8
S142,I100019,Dyson Vacuum Cleaner,Home Appliances,111448.05345,3000.0,3.3434416035E8
S132,I100019,Dyson Vacuum Cleaner,Home Appliances,111448.05345,3000.0,3.3434416035E8
S139,I100019,Dyson Vacuum Cleaner,Home Appliances,111448.05345,3000.0,3.3434416035E8
S127,I100019,Dyson Vacuum Cleaner,Home Appliances,111448.05345,3000.0,3.3434416035E8
S141,I100019,Dyson Vacuum Cleaner,Home Appliances,111448.05345,3000.0,3.3434416035E8
S140,I100019,Dyson Vacuum Cleaner,Home Appliances,111448.05345,3000.0,3.3434416035E8
S149,I1009248,Samsung 55” Smart Tv,Home Appliances,81236.83795,3000.0,2.4371051385E8
S105,I1009248,Samsung 55” Smart Tv,Home Appliances,81236.83795,3000.0,2.4371051385E8
S148,I1009248,Samsung 55” Smart Tv,Home Appliances,81236.83795,3000.0,2.4371051385E8
S106,I1009248,Samsung 55” Smart Tv,Home Appliances,81236.83795,3000.0,2.4371051385E8
S102,I1009248,Samsung 55” Smart Tv,Home Appliances,81236.83795,3000.0,2.4371051385E8
S104,I1009248,Samsung 55” Smart Tv,Home Appliances,81236.83795,3000.0,2.4371051385E8
S120,I1009248,Samsung 55” Smart Tv,Home Appliances,81236.83795,3000.0,2.4371051385E8
S143,I1009248,Samsung 55” Smart Tv,Home Appliances,81236.83795,3000.0,2.4371051385E8
S119,I1009248,Samsung 55” Smart Tv,Home Appliances,81236.83795,3000.0,2.4371051385E8
S145,I1009248,Samsung 55” Smart Tv,Home Appliances,81236.83795,3000.0,2.4371051385E8
S115,I1009248,Samsung 55” Smart Tv,Home Appliances,81236.83795,3000.0,2.4371051385E8
S107,I1009248,Samsung 55” Smart Tv,Home Appliances,81236.83795,3000.0,2.4371051385E8
S110,I1009248,Samsung 55” Smart Tv,Home Appliances,81236.83795,3000.0,2.4371051385E8
S118,I1009248,Samsung 55” Smart Tv,Home Appliances,81236.83795,3000.0,2.4371051385E8
S101,I1009248,Samsung 55” Smart Tv,Home Appliances,81236.83795,3000.0,2.4371051385E8
S129,I1009248,Samsung 55” Smart Tv,Home Appliances,81236.83795,3000.0,2.4371051385E8
S126,I1009248,Samsung 55” Smart Tv,Home Appliances,81236.83795,3000.0,2.4371051385E8
S135,I1009248,Samsung 55” Smart Tv,Home Appliances,81236.83795,3000.0,2.4371051385E8
S131,I1009248,Samsung 55” Smart Tv,Home Appliances,81236.83795,3000.0,2.4371051385E8
S125,I1009248,Samsung 55” Smart Tv,Home Appliances,81236.83795,3000.0,2.4371051385E8
S108,I1009248,Samsung 55” Smart Tv,Home Appliances,81236.83795,3000.0,2.4371051385E8
S109,I1009248,Samsung 55” Smart Tv,Home Appliances,81236.83795,3000.0,2.4371051385E8
S146,I1009248,Samsung 55” Smart Tv,Home Appliances,81236.83795,3000.0,2.4371051385E8
S112,I1009248,Samsung 55” Smart Tv,Home Appliances,81236.83795,3000.0,2.4371051385E8
S150,I1009248,Samsung 55” Smart Tv,Home Appliances,81236.83795,3000.0,2.4371051385E8
S103,I1009248,Samsung 55” Smart Tv,Home Appliances,81236.83795,3000.0,2.4371051385E8
S113,I1009248,Samsung 55” Smart Tv,Home Appliances,81236.83795,3000.0,2.4371051385E8
S147,I1009248,Samsung 55” Smart Tv,Home Appliances,81236.83795,3000.0,2.4371051385E8
S138,I1009248,Samsung 55” Smart Tv,Home Appliances,81236.83795,3000.0,2.4371051385E8
S100,I1009248,Samsung 55” Smart Tv,Home Appliances,81236.83795,3000.0,2.4371051385E8
S122,I1009248,Samsung 55” Smart Tv,Home Appliances,81236.83795,3000.0,2.4371051385E8
S133,I1009248,Samsung 55” Smart Tv,Home Appliances,81236.83795,3000.0,2.4371051385E8
S123,I1009248,Samsung 55” Smart Tv,Home Appliances,81236.83795,3000.0,2.4371051385E8
S144,I1009248,Samsung 55” Smart Tv,Home Appliances,81236.83795,3000.0,2.4371051385E8
S137,I1009248,Samsung 55” Smart Tv,Home Appliances,81236.83795,3000.0,2.4371051385E8
S117,I1009248,Samsung 55” Smart Tv,Home Appliances,81236.83795,3000.0,2.4371051385E8
S134,I1009248,Samsung 55” Smart Tv,Home Appliances,81236.83795,3000.0,2.4371051385E8
S130,I1009248,Samsung 55” Smart Tv,Home Appliances,81236.83795,3000.0,2.4371051385E8
S121,I1009248,Samsung 55” Smart Tv,Home Appliances,81236.83795,3000.0,2.4371051385E8
S114,I1009248,Samsung 55” Smart Tv,Home Appliances,81236.83795,3000.0,2.4371051385E8
S124,I1009248,Samsung 55” Smart Tv,Home Appliances,81236.83795,3000.0,2.4371051385E8
S111,I1009248,Samsung 55” Smart Tv,Home Appliances,81236.83795,3000.0,2.4371051385E8
S128,I1009248,Samsung 55” Smart Tv,Home Appliances,81236.83795,3000.0,2.4371051385E8
S116,I1009248,Samsung 55” Smart Tv,Home Appliances,81236.83795,3000.0,2.4371051385E8
S142,I1009248,Samsung 55” Smart Tv,Home Appliances,81236.83795,3000.0,2.4371051385E8
S132,I1009248,Samsung 55” Smart Tv,Home Appliances,81236.83795,3000.0,2.4371051385E8
S139,I1009248,Samsung 55” Smart Tv,Home Appliances,81236.83795,3000.0,2.4371051385E8
S127,I1009248,Samsung 55” Smart Tv,Home Appliances,81236.83795,3000.0,2.4371051385E8
S141,I1009248,Samsung 55” Smart Tv,Home Appliances,81236.83795,3000.0,2.4371051385E8
S140,I1009248,Samsung 55” Smart Tv,Home Appliances,81236.83795,3000.0,2.4371051385E8
S149,I116796,Apple Iphone 15 Pro,Electronics,35827.67970149253,335.0,1.20022727E7
S105,I116796,Apple Iphone 15 Pro,Electronics,35827.67970149253,335.0,1.20022727E7
S148,I116796,Apple Iphone 15 Pro,Electronics,35827.67970149253,335.0,1.20022727E7
S106,I116796,Apple Iphone 15 Pro,Electronics,35827.67970149253,335.0,1.20022727E7
S102,I116796,Apple Iphone 15 Pro,Electronics,35827.67970149253,335.0,1.20022727E7
S104,I116796,Apple Iphone 15 Pro,Electronics,35827.67970149253,335.0,1.20022727E7
S120,I116796,Apple Iphone 15 Pro,Electronics,35827.67970149253,335.0,1.20022727E7
S143,I116796,Apple Iphone 15 Pro,Electronics,35827.67970149253,335.0,1.20022727E7
S119,I116796,Apple Iphone 15 Pro,Electronics,35827.67970149253,335.0,1.20022727E7
S145,I116796,Apple Iphone 15 Pro,Electronics,35827.67970149253,335.0,1.20022727E7
S136,I116796,Apple Iphone 15 Pro,Electronics,35827.67970149253,335.0,1.20022727E7
S115,I116796,Apple Iphone 15 Pro,Electronics,35827.67970149253,335.0,1.20022727E7
S107,I116796,Apple Iphone 15 Pro,Electronics,35827.67970149253,335.0,1.20022727E7
S118,I116796,Apple Iphone 15 Pro,Electronics,35827.67970149253,335.0,1.20022727E7
S101,I116796,Apple Iphone 15 Pro,Electronics,35827.67970149253,335.0,1.20022727E7
S129,I116796,Apple Iphone 15 Pro,Electronics,35827.67970149253,335.0,1.20022727E7
S126,I116796,Apple Iphone 15 Pro,Electronics,35827.67970149253,335.0,1.20022727E7
S135,I116796,Apple Iphone 15 Pro,Electronics,35827.67970149253,335.0,1.20022727E7
S131,I116796,Apple Iphone 15 Pro,Electronics,35827.67970149253,335.0,1.20022727E7
S125,I116796,Apple Iphone 15 Pro,Electronics,35827.67970149253,335.0,1.20022727E7
S108,I116796,Apple Iphone 15 Pro,Electronics,35827.67970149253,335.0,1.20022727E7
S109,I116796,Apple Iphone 15 Pro,Electronics,35827.67970149253,335.0,1.20022727E7
S146,I116796,Apple Iphone 15 Pro,Electronics,35827.67970149253,335.0,1.20022727E7
S112,I116796,Apple Iphone 15 Pro,Electronics,35827.67970149253,335.0,1.20022727E7
S150,I116796,Apple Iphone 15 Pro,Electronics,35827.67970149253,335.0,1.20022727E7
S103,I116796,Apple Iphone 15 Pro,Electronics,35827.67970149253,335.0,1.20022727E7
S113,I116796,Apple Iphone 15 Pro,Electronics,35827.67970149253,335.0,1.20022727E7
S147,I116796,Apple Iphone 15 Pro,Electronics,35827.67970149253,335.0,1.20022727E7
S138,I116796,Apple Iphone 15 Pro,Electronics,35827.67970149253,335.0,1.20022727E7
S100,I116796,Apple Iphone 15 Pro,Electronics,35827.67970149253,335.0,1.20022727E7
S122,I116796,Apple Iphone 15 Pro,Electronics,35827.67970149253,335.0,1.20022727E7
S133,I116796,Apple Iphone 15 Pro,Electronics,35827.67970149253,335.0,1.20022727E7
S123,I116796,Apple Iphone 15 Pro,Electronics,35827.67970149253,335.0,1.20022727E7
S144,I116796,Apple Iphone 15 Pro,Electronics,35827.67970149253,335.0,1.20022727E7
S137,I116796,Apple Iphone 15 Pro,Electronics,35827.67970149253,335.0,1.20022727E7
S117,I116796,Apple Iphone 15 Pro,Electronics,35827.67970149253,335.0,1.20022727E7
S134,I116796,Apple Iphone 15 Pro,Electronics,35827.67970149253,335.0,1.20022727E7
S130,I116796,Apple Iphone 15 Pro,Electronics,35827.67970149253,335.0,1.20022727E7
S121,I116796,Apple Iphone 15 Pro,Electronics,35827.67970149253,335.0,1.20022727E7
S114,I116796,Apple Iphone 15 Pro,Electronics,35827.67970149253,335.0,1.20022727E7
S124,I116796,Apple Iphone 15 Pro,Electronics,35827.67970149253,335.0,1.20022727E7
S111,I116796,Apple Iphone 15 Pro,Electronics,35827.67970149253,335.0,1.20022727E7
S128,I116796,Apple Iphone 15 Pro,Electronics,35827.67970149253,335.0,1.20022727E7
S116,I116796,Apple Iphone 15 Pro,Electronics,35827.67970149253,335.0,1.20022727E7
S142,I116796,Apple Iphone 15 Pro,Electronics,35827.67970149253,335.0,1.20022727E7
S132,I116796,Apple Iphone 15 Pro,Electronics,35827.67970149253,335.0,1.20022727E7
S139,I116796,Apple Iphone 15 Pro,Electronics,35827.67970149253,335.0,1.20022727E7
S127,I116796,Apple Iphone 15 Pro,Electronics,35827.67970149253,335.0,1.20022727E7
S141,I116796,Apple Iphone 15 Pro,Electronics,35827.67970149253,335.0,1.20022727E7
S140,I116796,Apple Iphone 15 Pro,Electronics,35827.67970149253,335.0,1.20022727E7
S149,I146257,Sony Wh-1000xm5 Headphones,Electronics,122442.53294,3000.0,3.6732759882E8
S105,I146257,Sony Wh-1000xm5 Headphones,Electronics,122442.53294,3000.0,3.6732759882E8
S148,I146257,Sony Wh-1000xm5 Headphones,Electronics,122442.53294,3000.0,3.6732759882E8
S106,I146257,Sony Wh-1000xm5 Headphones,Electronics,122442.53294,3000.0,3.6732759882E8
S102,I146257,Sony Wh-1000xm5 Headphones,Electronics,122442.53294,3000.0,3.6732759882E8
S104,I146257,Sony Wh-1000xm5 Headphones,Electronics,122442.53294,3000.0,3.6732759882E8
S120,I146257,Sony Wh-1000xm5 Headphones,Electronics,122442.53294,3000.0,3.6732759882E8
S143,I146257,Sony Wh-1000xm5 Headphones,Electronics,122442.53294,3000.0,3.6732759882E8
S119,I146257,Sony Wh-1000xm5 Headphones,Electronics,122442.53294,3000.0,3.6732759882E8
S136,I146257,Sony Wh-1000xm5 Headphones,Electronics,122442.53294,3000.0,3.6732759882E8
S115,I146257,Sony Wh-1000xm5 Headphones,Electronics,122442.53294,3000.0,3.6732759882E8
S107,I146257,Sony Wh-1000xm5 Headphones,Electronics,122442.53294,3000.0,3.6732759882E8
S110,I146257,Sony Wh-1000xm5 Headphones,Electronics,122442.53294,3000.0,3.6732759882E8
S118,I146257,Sony Wh-1000xm5 Headphones,Electronics,122442.53294,3000.0,3.6732759882E8
S101,I146257,Sony Wh-1000xm5 Headphones,Electronics,122442.53294,3000.0,3.6732759882E8
S129,I146257,Sony Wh-1000xm5 Headphones,Electronics,122442.53294,3000.0,3.6732759882E8
S126,I146257,Sony Wh-1000xm5 Headphones,Electronics,122442.53294,3000.0,3.6732759882E8
S135,I146257,Sony Wh-1000xm5 Headphones,Electronics,122442.53294,3000.0,3.6732759882E8
S131,I146257,Sony Wh-1000xm5 Headphones,Electronics,122442.53294,3000.0,3.6732759882E8
S125,I146257,Sony Wh-1000xm5 Headphones,Electronics,122442.53294,3000.0,3.6732759882E8
S108,I146257,Sony Wh-1000xm5 Headphones,Electronics,122442.53294,3000.0,3.6732759882E8
S109,I146257,Sony Wh-1000xm5 Headphones,Electronics,122442.53294,3000.0,3.6732759882E8
S146,I146257,Sony Wh-1000xm5 Headphones,Electronics,122442.53294,3000.0,3.6732759882E8
S112,I146257,Sony Wh-1000xm5 Headphones,Electronics,122442.53294,3000.0,3.6732759882E8
S150,I146257,Sony Wh-1000xm5 Headphones,Electronics,122442.53294,3000.0,3.6732759882E8
S103,I146257,Sony Wh-1000xm5 Headphones,Electronics,122442.53294,3000.0,3.6732759882E8
S113,I146257,Sony Wh-1000xm5 Headphones,Electronics,122442.53294,3000.0,3.6732759882E8
S147,I146257,Sony Wh-1000xm5 Headphones,Electronics,122442.53294,3000.0,3.6732759882E8
S138,I146257,Sony Wh-1000xm5 Headphones,Electronics,122442.53294,3000.0,3.6732759882E8
S100,I146257,Sony Wh-1000xm5 Headphones,Electronics,122442.53294,3000.0,3.6732759882E8
S122,I146257,Sony Wh-1000xm5 Headphones,Electronics,122442.53294,3000.0,3.6732759882E8
S133,I146257,Sony Wh-1000xm5 Headphones,Electronics,122442.53294,3000.0,3.6732759882E8
S123,I146257,Sony Wh-1000xm5 Headphones,Electronics,122442.53294,3000.0,3.6732759882E8
S144,I146257,Sony Wh-1000xm5 Headphones,Electronics,122442.53294,3000.0,3.6732759882E8
S137,I146257,Sony Wh-1000xm5 Headphones,Electronics,122442.53294,3000.0,3.6732759882E8
S117,I146257,Sony Wh-1000xm5 Headphones,Electronics,122442.53294,3000.0,3.6732759882E8
S134,I146257,Sony Wh-1000xm5 Headphones,Electronics,122442.53294,3000.0,3.6732759882E8
S130,I146257,Sony Wh-1000xm5 Headphones,Electronics,122442.53294,3000.0,3.6732759882E8
S121,I146257,Sony Wh-1000xm5 Headphones,Electronics,122442.53294,3000.0,3.6732759882E8
S114,I146257,Sony Wh-1000xm5 Headphones,Electronics,122442.53294,3000.0,3.6732759882E8
S124,I146257,Sony Wh-1000xm5 Headphones,Electronics,122442.53294,3000.0,3.6732759882E8
S111,I146257,Sony Wh-1000xm5 Headphones,Electronics,122442.53294,3000.0,3.6732759882E8
S128,I146257,Sony Wh-1000xm5 Headphones,Electronics,122442.53294,3000.0,3.6732759882E8
S116,I146257,Sony Wh-1000xm5 Headphones,Electronics,122442.53294,3000.0,3.6732759882E8
S142,I146257,Sony Wh-1000xm5 Headphones,Electronics,122442.53294,3000.0,3.6732759882E8
S132,I146257,Sony Wh-1000xm5 Headphones,Electronics,122442.53294,3000.0,3.6732759882E8
S139,I146257,Sony Wh-1000xm5 Headphones,Electronics,122442.53294,3000.0,3.6732759882E8
S127,I146257,Sony Wh-1000xm5 Headphones,Electronics,122442.53294,3000.0,3.6732759882E8
S141,I146257,Sony Wh-1000xm5 Headphones,Electronics,122442.53294,3000.0,3.6732759882E8
S140,I146257,Sony Wh-1000xm5 Headphones,Electronics,122442.53294,3000.0,3.6732759882E8
S105,I189751,Samsung 55” Smart Tv,Home Appliances,9355.826649999999,3000.0,2.8067479949999996E7
S148,I189751,Samsung 55” Smart Tv,Home Appliances,9355.826649999999,3000.0,2.8067479949999996E7
S106,I189751,Samsung 55” Smart Tv,Home Appliances,9355.826649999999,3000.0,2.8067479949999996E7
S102,I189751,Samsung 55” Smart Tv,Home Appliances,9355.826649999999,3000.0,2.8067479949999996E7
S104,I189751,Samsung 55” Smart Tv,Home Appliances,9355.826649999999,3000.0,2.8067479949999996E7
S120,I189751,Samsung 55” Smart Tv,Home Appliances,9355.826649999999,3000.0,2.8067479949999996E7
S143,I189751,Samsung 55” Smart Tv,Home Appliances,9355.826649999999,3000.0,2.8067479949999996E7
S119,I189751,Samsung 55” Smart Tv,Home Appliances,9355.826649999999,3000.0,2.8067479949999996E7
S145,I189751,Samsung 55” Smart Tv,Home Appliances,9355.826649999999,3000.0,2.8067479949999996E7
S136,I189751,Samsung 55” Smart Tv,Home Appliances,9355.826649999999,3000.0,2.8067479949999996E7
S115,I189751,Samsung 55” Smart Tv,Home Appliances,9355.826649999999,3000.0,2.8067479949999996E7
S107,I189751,Samsung 55” Smart Tv,Home Appliances,9355.826649999999,3000.0,2.8067479949999996E7
S110,I189751,Samsung 55” Smart Tv,Home Appliances,9355.826649999999,3000.0,2.8067479949999996E7
S118,I189751,Samsung 55” Smart Tv,Home Appliances,9355.826649999999,3000.0,2.8067479949999996E7
S101,I189751,Samsung 55” Smart Tv,Home Appliances,9355.826649999999,3000.0,2.8067479949999996E7
S129,I189751,Samsung 55” Smart Tv,Home Appliances,9355.826649999999,3000.0,2.8067479949999996E7
S126,I189751,Samsung 55” Smart Tv,Home Appliances,9355.826649999999,3000.0,2.8067479949999996E7
S135,I189751,Samsung 55” Smart Tv,Home Appliances,9355.826649999999,3000.0,2.8067479949999996E7
S131,I189751,Samsung 55” Smart Tv,Home Appliances,9355.826649999999,3000.0,2.8067479949999996E7
S125,I189751,Samsung 55” Smart Tv,Home Appliances,9355.826649999999,3000.0,2.8067479949999996E7
S108,I189751,Samsung 55” Smart Tv,Home Appliances,9355.826649999999,3000.0,2.8067479949999996E7
S109,I189751,Samsung 55” Smart Tv,Home Appliances,9355.826649999999,3000.0,2.8067479949999996E7
S146,I189751,Samsung 55” Smart Tv,Home Appliances,9355.826649999999,3000.0,2.8067479949999996E7
S112,I189751,Samsung 55” Smart Tv,Home Appliances,9355.826649999999,3000.0,2.8067479949999996E7
S150,I189751,Samsung 55” Smart Tv,Home Appliances,9355.826649999999,3000.0,2.8067479949999996E7
S103,I189751,Samsung 55” Smart Tv,Home Appliances,9355.826649999999,3000.0,2.8067479949999996E7
S113,I189751,Samsung 55” Smart Tv,Home Appliances,9355.826649999999,3000.0,2.8067479949999996E7
S147,I189751,Samsung 55” Smart Tv,Home Appliances,9355.826649999999,3000.0,2.8067479949999996E7
S138,I189751,Samsung 55” Smart Tv,Home Appliances,9355.826649999999,3000.0,2.8067479949999996E7
S100,I189751,Samsung 55” Smart Tv,Home Appliances,9355.826649999999,3000.0,2.8067479949999996E7
S122,I189751,Samsung 55” Smart Tv,Home Appliances,9355.826649999999,3000.0,2.8067479949999996E7
S133,I189751,Samsung 55” Smart Tv,Home Appliances,9355.826649999999,3000.0,2.8067479949999996E7
S123,I189751,Samsung 55” Smart Tv,Home Appliances,9355.826649999999,3000.0,2.8067479949999996E7
S144,I189751,Samsung 55” Smart Tv,Home Appliances,9355.826649999999,3000.0,2.8067479949999996E7
S137,I189751,Samsung 55” Smart Tv,Home Appliances,9355.826649999999,3000.0,2.8067479949999996E7
S117,I189751,Samsung 55” Smart Tv,Home Appliances,9355.826649999999,3000.0,2.8067479949999996E7
S134,I189751,Samsung 55” Smart Tv,Home Appliances,9355.826649999999,3000.0,2.8067479949999996E7
S130,I189751,Samsung 55” Smart Tv,Home Appliances,9355.826649999999,3000.0,2.8067479949999996E7
S121,I189751,Samsung 55” Smart Tv,Home Appliances,9355.826649999999,3000.0,2.8067479949999996E7
S114,I189751,Samsung 55” Smart Tv,Home Appliances,9355.826649999999,3000.0,2.8067479949999996E7
S124,I189751,Samsung 55” Smart Tv,Home Appliances,9355.826649999999,3000.0,2.8067479949999996E7
S111,I189751,Samsung 55” Smart Tv,Home Appliances,9355.826649999999,3000.0,2.8067479949999996E7
S128,I189751,Samsung 55” Smart Tv,Home Appliances,9355.826649999999,3000.0,2.8067479949999996E7
S116,I189751,Samsung 55” Smart Tv,Home Appliances,9355.826649999999,3000.0,2.8067479949999996E7
S142,I189751,Samsung 55” Smart Tv,Home Appliances,9355.826649999999,3000.0,2.8067479949999996E7
S132,I189751,Samsung 55” Smart Tv,Home Appliances,9355.826649999999,3000.0,2.8067479949999996E7
S139,I189751,Samsung 55” Smart Tv,Home Appliances,9355.826649999999,3000.0,2.8067479949999996E7
S127,I189751,Samsung 55” Smart Tv,Home Appliances,9355.826649999999,3000.0,2.8067479949999996E7
S141,I189751,Samsung 55” Smart Tv,Home Appliances,9355.826649999999,3000.0,2.8067479949999996E7
S140,I189751,Samsung 55” Smart Tv,Home Appliances,9355.826649999999,3000.0,2.8067479949999996E7
S149,I194154,Samsung Galaxy S24 Ultra,Electronics,125892.49597851113,1303.0,1.6403792226E8
S105,I194154,Samsung Galaxy S24 Ultra,Electronics,125892.49597851113,1303.0,1.6403792226E8
S148,I194154,Samsung Galaxy S24 Ultra,Electronics,125892.49597851113,1303.0,1.6403792226E8
S106,I194154,Samsung Galaxy S24 Ultra,Electronics,125892.49597851113,1303.0,1.6403792226E8
S102,I194154,Samsung Galaxy S24 Ultra,Electronics,125892.49597851113,1303.0,1.6403792226E8
S104,I194154,Samsung Galaxy S24 Ultra,Electronics,125892.49597851113,1303.0,1.6403792226E8
S120,I194154,Samsung Galaxy S24 Ultra,Electronics,125892.49597851113,1303.0,1.6403792226E8
S143,I194154,Samsung Galaxy S24 Ultra,Electronics,125892.49597851113,1303.0,1.6403792226E8
S119,I194154,Samsung Galaxy S24 Ultra,Electronics,125892.49597851113,1303.0,1.6403792226E8
S145,I194154,Samsung Galaxy S24 Ultra,Electronics,125892.49597851113,1303.0,1.6403792226E8
S136,I194154,Samsung Galaxy S24 Ultra,Electronics,125892.49597851113,1303.0,1.6403792226E8
S115,I194154,Samsung Galaxy S24 Ultra,Electronics,125892.49597851113,1303.0,1.6403792226E8
S107,I194154,Samsung Galaxy S24 Ultra,Electronics,125892.49597851113,1303.0,1.6403792226E8
S110,I194154,Samsung Galaxy S24 Ultra,Electronics,125892.49597851113,1303.0,1.6403792226E8
S118,I194154,Samsung Galaxy S24 Ultra,Electronics,125892.49597851113,1303.0,1.6403792226E8
S101,I194154,Samsung Galaxy S24 Ultra,Electronics,125892.49597851113,1303.0,1.6403792226E8
S129,I194154,Samsung Galaxy S24 Ultra,Electronics,125892.49597851113,1303.0,1.6403792226E8
S126,I194154,Samsung Galaxy S24 Ultra,Electronics,125892.49597851113,1303.0,1.6403792226E8
S135,I194154,Samsung Galaxy S24 Ultra,Electronics,125892.49597851113,1303.0,1.6403792226E8
S131,I194154,Samsung Galaxy S24 Ultra,Electronics,125892.49597851113,1303.0,1.6403792226E8
S125,I194154,Samsung Galaxy S24 Ultra,Electronics,125892.49597851113,1303.0,1.6403792226E8
S108,I194154,Samsung Galaxy S24 Ultra,Electronics,125892.49597851113,1303.0,1.6403792226E8
S109,I194154,Samsung Galaxy S24 Ultra,Electronics,125892.49597851113,1303.0,1.6403792226E8
S146,I194154,Samsung Galaxy S24 Ultra,Electronics,125892.49597851113,1303.0,1.6403792226E8
S112,I194154,Samsung Galaxy S24 Ultra,Electronics,125892.49597851113,1303.0,1.6403792226E8
S150,I194154,Samsung Galaxy S24 Ultra,Electronics,125892.49597851113,1303.0,1.6403792226E8
S103,I194154,Samsung Galaxy S24 Ultra,Electronics,125892.49597851113,1303.0,1.6403792226E8
S113,I194154,Samsung Galaxy S24 Ultra,Electronics,125892.49597851113,1303.0,1.6403792226E8
S147,I194154,Samsung Galaxy S24 Ultra,Electronics,125892.49597851113,1303.0,1.6403792226E8
S138,I194154,Samsung Galaxy S24 Ultra,Electronics,125892.49597851113,1303.0,1.6403792226E8
S100,I194154,Samsung Galaxy S24 Ultra,Electronics,125892.49597851113,1303.0,1.6403792226E8
S122,I194154,Samsung Galaxy S24 Ultra,Electronics,125892.49597851113,1303.0,1.6403792226E8
S133,I194154,Samsung Galaxy S24 Ultra,Electronics,125892.49597851113,1303.0,1.6403792226E8
S123,I194154,Samsung Galaxy S24 Ultra,Electronics,125892.49597851113,1303.0,1.6403792226E8
S144,I194154,Samsung Galaxy S24 Ultra,Electronics,125892.49597851113,1303.0,1.6403792226E8
S137,I194154,Samsung Galaxy S24 Ultra,Electronics,125892.49597851113,1303.0,1.6403792226E8
S117,I194154,Samsung Galaxy S24 Ultra,Electronics,125892.49597851113,1303.0,1.6403792226E8
S134,I194154,Samsung Galaxy S24 Ultra,Electronics,125892.49597851113,1303.0,1.6403792226E8
S130,I194154,Samsung Galaxy S24 Ultra,Electronics,125892.49597851113,1303.0,1.6403792226E8
S114,I194154,Samsung Galaxy S24 Ultra,Electronics,125892.49597851113,1303.0,1.6403792226E8
S124,I194154,Samsung Galaxy S24 Ultra,Electronics,125892.49597851113,1303.0,1.6403792226E8
S111,I194154,Samsung Galaxy S24 Ultra,Electronics,125892.49597851113,1303.0,1.6403792226E8
S128,I194154,Samsung Galaxy S24 Ultra,Electronics,125892.49597851113,1303.0,1.6403792226E8
S116,I194154,Samsung Galaxy S24 Ultra,Electronics,125892.49597851113,1303.0,1.6403792226E8
S142,I194154,Samsung Galaxy S24 Ultra,Electronics,125892.49597851113,1303.0,1.6403792226E8
S132,I194154,Samsung Galaxy S24 Ultra,Electronics,125892.49597851113,1303.0,1.6403792226E8
S139,I194154,Samsung Galaxy S24 Ultra,Electronics,125892.49597851113,1303.0,1.6403792226E8
S127,I194154,Samsung Galaxy S24 Ultra,Electronics,125892.49597851113,1303.0,1.6403792226E8
S141,I194154,Samsung Galaxy S24 Ultra,Electronics,125892.49597851113,1303.0,1.6403792226E8
S140,I194154,Samsung Galaxy S24 Ultra,Electronics,125892.49597851113,1303.0,1.6403792226E8
S149,I204891,Dell Xps 13 Laptop,Electronics,63617.2875721562,589.0,3.747058238E7
S105,I204891,Dell Xps 13 Laptop,Electronics,63617.2875721562,589.0,3.747058238E7
S148,I204891,Dell Xps 13 Laptop,Electronics,63617.2875721562,589.0,3.747058238E7
S106,I204891,Dell Xps 13 Laptop,Electronics,63617.2875721562,589.0,3.747058238E7
S102,I204891,Dell Xps 13 Laptop,Electronics,63617.2875721562,589.0,3.747058238E7
S104,I204891,Dell Xps 13 Laptop,Electronics,63617.2875721562,589.0,3.747058238E7
S120,I204891,Dell Xps 13 Laptop,Electronics,63617.2875721562,589.0,3.747058238E7
S143,I204891,Dell Xps 13 Laptop,Electronics,63617.2875721562,589.0,3.747058238E7
S119,I204891,Dell Xps 13 Laptop,Electronics,63617.2875721562,589.0,3.747058238E7
S145,I204891,Dell Xps 13 Laptop,Electronics,63617.2875721562,589.0,3.747058238E7
S136,I204891,Dell Xps 13 Laptop,Electronics,63617.2875721562,589.0,3.747058238E7
S115,I204891,Dell Xps 13 Laptop,Electronics,63617.2875721562,589.0,3.747058238E7
S107,I204891,Dell Xps 13 Laptop,Electronics,63617.2875721562,589.0,3.747058238E7
S110,I204891,Dell Xps 13 Laptop,Electronics,63617.2875721562,589.0,3.747058238E7
S118,I204891,Dell Xps 13 Laptop,Electronics,63617.2875721562,589.0,3.747058238E7
S101,I204891,Dell Xps 13 Laptop,Electronics,63617.2875721562,589.0,3.747058238E7
S129,I204891,Dell Xps 13 Laptop,Electronics,63617.2875721562,589.0,3.747058238E7
S126,I204891,Dell Xps 13 Laptop,Electronics,63617.2875721562,589.0,3.747058238E7
S135,I204891,Dell Xps 13 Laptop,Electronics,63617.2875721562,589.0,3.747058238E7
S131,I204891,Dell Xps 13 Laptop,Electronics,63617.2875721562,589.0,3.747058238E7
S125,I204891,Dell Xps 13 Laptop,Electronics,63617.2875721562,589.0,3.747058238E7
S108,I204891,Dell Xps 13 Laptop,Electronics,63617.2875721562,589.0,3.747058238E7
S109,I204891,Dell Xps 13 Laptop,Electronics,63617.2875721562,589.0,3.747058238E7
S146,I204891,Dell Xps 13 Laptop,Electronics,63617.2875721562,589.0,3.747058238E7
S112,I204891,Dell Xps 13 Laptop,Electronics,63617.2875721562,589.0,3.747058238E7
S150,I204891,Dell Xps 13 Laptop,Electronics,63617.2875721562,589.0,3.747058238E7
S103,I204891,Dell Xps 13 Laptop,Electronics,63617.2875721562,589.0,3.747058238E7
S113,I204891,Dell Xps 13 Laptop,Electronics,63617.2875721562,589.0,3.747058238E7
S147,I204891,Dell Xps 13 Laptop,Electronics,63617.2875721562,589.0,3.747058238E7
S138,I204891,Dell Xps 13 Laptop,Electronics,63617.2875721562,589.0,3.747058238E7
S100,I204891,Dell Xps 13 Laptop,Electronics,63617.2875721562,589.0,3.747058238E7
S122,I204891,Dell Xps 13 Laptop,Electronics,63617.2875721562,589.0,3.747058238E7
S133,I204891,Dell Xps 13 Laptop,Electronics,63617.2875721562,589.0,3.747058238E7
S123,I204891,Dell Xps 13 Laptop,Electronics,63617.2875721562,589.0,3.747058238E7
S144,I204891,Dell Xps 13 Laptop,Electronics,63617.2875721562,589.0,3.747058238E7
S137,I204891,Dell Xps 13 Laptop,Electronics,63617.2875721562,589.0,3.747058238E7
S117,I204891,Dell Xps 13 Laptop,Electronics,63617.2875721562,589.0,3.747058238E7
S130,I204891,Dell Xps 13 Laptop,Electronics,63617.2875721562,589.0,3.747058238E7
S121,I204891,Dell Xps 13 Laptop,Electronics,63617.2875721562,589.0,3.747058238E7
S114,I204891,Dell Xps 13 Laptop,Electronics,63617.2875721562,589.0,3.747058238E7
S124,I204891,Dell Xps 13 Laptop,Electronics,63617.2875721562,589.0,3.747058238E7
S111,I204891,Dell Xps 13 Laptop,Electronics,63617.2875721562,589.0,3.747058238E7
S128,I204891,Dell Xps 13 Laptop,Electronics,63617.2875721562,589.0,3.747058238E7
S116,I204891,Dell Xps 13 Laptop,Electronics,63617.2875721562,589.0,3.747058238E7
S142,I204891,Dell Xps 13 Laptop,Electronics,63617.2875721562,589.0,3.747058238E7
S132,I204891,Dell Xps 13 Laptop,Electronics,63617.2875721562,589.0,3.747058238E7
S139,I204891,Dell Xps 13 Laptop,Electronics,63617.2875721562,589.0,3.747058238E7
S127,I204891,Dell Xps 13 Laptop,Electronics,63617.2875721562,589.0,3.747058238E7
S141,I204891,Dell Xps 13 Laptop,Electronics,63617.2875721562,589.0,3.747058238E7
S140,I204891,Dell Xps 13 Laptop,Electronics,63617.2875721562,589.0,3.747058238E7
S149,I23018,Sony Wh-1000xm5 Headphones,Electronics,145911.78143666667,3000.0,4.3773534431E8
S105,I23018,Sony Wh-1000xm5 Headphones,Electronics,145911.78143666667,3000.0,4.3773534431E8
S148,I23018,Sony Wh-1000xm5 Headphones,Electronics,145911.78143666667,3000.0,4.3773534431E8
S106,I23018,Sony Wh-1000xm5 Headphones,Electronics,145911.78143666667,3000.0,4.3773534431E8
S102,I23018,Sony Wh-1000xm5 Headphones,Electronics,145911.78143666667,3000.0,4.3773534431E8
S104,I23018,Sony Wh-1000xm5 Headphones,Electronics,145911.78143666667,3000.0,4.3773534431E8
S120,I23018,Sony Wh-1000xm5 Headphones,Electronics,145911.78143666667,3000.0,4.3773534431E8
S143,I23018,Sony Wh-1000xm5 Headphones,Electronics,145911.78143666667,3000.0,4.3773534431E8
S119,I23018,Sony Wh-1000xm5 Headphones,Electronics,145911.78143666667,3000.0,4.3773534431E8
S145,I23018,Sony Wh-1000xm5 Headphones,Electronics,145911.78143666667,3000.0,4.3773534431E8
S136,I23018,Sony Wh-1000xm5 Headphones,Electronics,145911.78143666667,3000.0,4.3773534431E8
S115,I23018,Sony Wh-1000xm5 Headphones,Electronics,145911.78143666667,3000.0,4.3773534431E8
S107,I23018,Sony Wh-1000xm5 Headphones,Electronics,145911.78143666667,3000.0,4.3773534431E8
S110,I23018,Sony Wh-1000xm5 Headphones,Electronics,145911.78143666667,3000.0,4.3773534431E8
S118,I23018,Sony Wh-1000xm5 Headphones,Electronics,145911.78143666667,3000.0,4.3773534431E8
S101,I23018,Sony Wh-1000xm5 Headphones,Electronics,145911.78143666667,3000.0,4.3773534431E8
S129,I23018,Sony Wh-1000xm5 Headphones,Electronics,145911.78143666667,3000.0,4.3773534431E8
S126,I23018,Sony Wh-1000xm5 Headphones,Electronics,145911.78143666667,3000.0,4.3773534431E8
S135,I23018,Sony Wh-1000xm5 Headphones,Electronics,145911.78143666667,3000.0,4.3773534431E8
S131,I23018,Sony Wh-1000xm5 Headphones,Electronics,145911.78143666667,3000.0,4.3773534431E8
S125,I23018,Sony Wh-1000xm5 Headphones,Electronics,145911.78143666667,3000.0,4.3773534431E8
S108,I23018,Sony Wh-1000xm5 Headphones,Electronics,145911.78143666667,3000.0,4.3773534431E8
S109,I23018,Sony Wh-1000xm5 Headphones,Electronics,145911.78143666667,3000.0,4.3773534431E8
S146,I23018,Sony Wh-1000xm5 Headphones,Electronics,145911.78143666667,3000.0,4.3773534431E8
S112,I23018,Sony Wh-1000xm5 Headphones,Electronics,145911.78143666667,3000.0,4.3773534431E8
S150,I23018,Sony Wh-1000xm5 Headphones,Electronics,145911.78143666667,3000.0,4.3773534431E8
S103,I23018,Sony Wh-1000xm5 Headphones,Electronics,145911.78143666667,3000.0,4.3773534431E8
S113,I23018,Sony Wh-1000xm5 Headphones,Electronics,145911.78143666667,3000.0,4.3773534431E8
S147,I23018,Sony Wh-1000xm5 Headphones,Electronics,145911.78143666667,3000.0,4.3773534431E8
S138,I23018,Sony Wh-1000xm5 Headphones,Electronics,145911.78143666667,3000.0,4.3773534431E8
S100,I23018,Sony Wh-1000xm5 Headphones,Electronics,145911.78143666667,3000.0,4.3773534431E8
S122,I23018,Sony Wh-1000xm5 Headphones,Electronics,145911.78143666667,3000.0,4.3773534431E8
S133,I23018,Sony Wh-1000xm5 Headphones,Electronics,145911.78143666667,3000.0,4.3773534431E8
S123,I23018,Sony Wh-1000xm5 Headphones,Electronics,145911.78143666667,3000.0,4.3773534431E8
S144,I23018,Sony Wh-1000xm5 Headphones,Electronics,145911.78143666667,3000.0,4.3773534431E8
S137,I23018,Sony Wh-1000xm5 Headphones,Electronics,145911.78143666667,3000.0,4.3773534431E8
S117,I23018,Sony Wh-1000xm5 Headphones,Electronics,145911.78143666667,3000.0,4.3773534431E8
S130,I23018,Sony Wh-1000xm5 Headphones,Electronics,145911.78143666667,3000.0,4.3773534431E8
S121,I23018,Sony Wh-1000xm5 Headphones,Electronics,145911.78143666667,3000.0,4.3773534431E8
S114,I23018,Sony Wh-1000xm5 Headphones,Electronics,145911.78143666667,3000.0,4.3773534431E8
S124,I23018,Sony Wh-1000xm5 Headphones,Electronics,145911.78143666667,3000.0,4.3773534431E8
S111,I23018,Sony Wh-1000xm5 Headphones,Electronics,145911.78143666667,3000.0,4.3773534431E8
S128,I23018,Sony Wh-1000xm5 Headphones,Electronics,145911.78143666667,3000.0,4.3773534431E8
S116,I23018,Sony Wh-1000xm5 Headphones,Electronics,145911.78143666667,3000.0,4.3773534431E8
S142,I23018,Sony Wh-1000xm5 Headphones,Electronics,145911.78143666667,3000.0,4.3773534431E8
S132,I23018,Sony Wh-1000xm5 Headphones,Electronics,145911.78143666667,3000.0,4.3773534431E8
S139,I23018,Sony Wh-1000xm5 Headphones,Electronics,145911.78143666667,3000.0,4.3773534431E8
S127,I23018,Sony Wh-1000xm5 Headphones,Electronics,145911.78143666667,3000.0,4.3773534431E8
S141,I23018,Sony Wh-1000xm5 Headphones,Electronics,145911.78143666667,3000.0,4.3773534431E8
S140,I23018,Sony Wh-1000xm5 Headphones,Electronics,145911.78143666667,3000.0,4.3773534431E8
S149,I235573,Sony Wh-1000xm5 Headphones,Electronics,7623.951636666667,3000.0,2.287185491E7
S105,I235573,Sony Wh-1000xm5 Headphones,Electronics,7623.951636666667,3000.0,2.287185491E7
S148,I235573,Sony Wh-1000xm5 Headphones,Electronics,7623.951636666667,3000.0,2.287185491E7
S106,I235573,Sony Wh-1000xm5 Headphones,Electronics,7623.951636666667,3000.0,2.287185491E7
S104,I235573,Sony Wh-1000xm5 Headphones,Electronics,7623.951636666667,3000.0,2.287185491E7
S120,I235573,Sony Wh-1000xm5 Headphones,Electronics,7623.951636666667,3000.0,2.287185491E7
S143,I235573,Sony Wh-1000xm5 Headphones,Electronics,7623.951636666667,3000.0,2.287185491E7
S119,I235573,Sony Wh-1000xm5 Headphones,Electronics,7623.951636666667,3000.0,2.287185491E7
S145,I235573,Sony Wh-1000xm5 Headphones,Electronics,7623.951636666667,3000.0,2.287185491E7
S136,I235573,Sony Wh-1000xm5 Headphones,Electronics,7623.951636666667,3000.0,2.287185491E7
S115,I235573,Sony Wh-1000xm5 Headphones,Electronics,7623.951636666667,3000.0,2.287185491E7
S107,I235573,Sony Wh-1000xm5 Headphones,Electronics,7623.951636666667,3000.0,2.287185491E7
S110,I235573,Sony Wh-1000xm5 Headphones,Electronics,7623.951636666667,3000.0,2.287185491E7
S118,I235573,Sony Wh-1000xm5 Headphones,Electronics,7623.951636666667,3000.0,2.287185491E7
S101,I235573,Sony Wh-1000xm5 Headphones,Electronics,7623.951636666667,3000.0,2.287185491E7
S129,I235573,Sony Wh-1000xm5 Headphones,Electronics,7623.951636666667,3000.0,2.287185491E7
S126,I235573,Sony Wh-1000xm5 Headphones,Electronics,7623.951636666667,3000.0,2.287185491E7
S135,I235573,Sony Wh-1000xm5 Headphones,Electronics,7623.951636666667,3000.0,2.287185491E7
S131,I235573,Sony Wh-1000xm5 Headphones,Electronics,7623.951636666667,3000.0,2.287185491E7
S125,I235573,Sony Wh-1000xm5 Headphones,Electronics,7623.951636666667,3000.0,2.287185491E7
S108,I235573,Sony Wh-1000xm5 Headphones,Electronics,7623.951636666667,3000.0,2.287185491E7
S109,I235573,Sony Wh-1000xm5 Headphones,Electronics,7623.951636666667,3000.0,2.287185491E7
S146,I235573,Sony Wh-1000xm5 Headphones,Electronics,7623.951636666667,3000.0,2.287185491E7
S112,I235573,Sony Wh-1000xm5 Headphones,Electronics,7623.951636666667,3000.0,2.287185491E7
S150,I235573,Sony Wh-1000xm5 Headphones,Electronics,7623.951636666667,3000.0,2.287185491E7
S103,I235573,Sony Wh-1000xm5 Headphones,Electronics,7623.951636666667,3000.0,2.287185491E7
S113,I235573,Sony Wh-1000xm5 Headphones,Electronics,7623.951636666667,3000.0,2.287185491E7
S147,I235573,Sony Wh-1000xm5 Headphones,Electronics,7623.951636666667,3000.0,2.287185491E7
S138,I235573,Sony Wh-1000xm5 Headphones,Electronics,7623.951636666667,3000.0,2.287185491E7
S100,I235573,Sony Wh-1000xm5 Headphones,Electronics,7623.951636666667,3000.0,2.287185491E7
S122,I235573,Sony Wh-1000xm5 Headphones,Electronics,7623.951636666667,3000.0,2.287185491E7
S133,I235573,Sony Wh-1000xm5 Headphones,Electronics,7623.951636666667,3000.0,2.287185491E7
S123,I235573,Sony Wh-1000xm5 Headphones,Electronics,7623.951636666667,3000.0,2.287185491E7
S144,I235573,Sony Wh-1000xm5 Headphones,Electronics,7623.951636666667,3000.0,2.287185491E7
S137,I235573,Sony Wh-1000xm5 Headphones,Electronics,7623.951636666667,3000.0,2.287185491E7
S117,I235573,Sony Wh-1000xm5 Headphones,Electronics,7623.951636666667,3000.0,2.287185491E7
S134,I235573,Sony Wh-1000xm5 Headphones,Electronics,7623.951636666667,3000.0,2.287185491E7
S130,I235573,Sony Wh-1000xm5 Headphones,Electronics,7623.951636666667,3000.0,2.287185491E7
S121,I235573,Sony Wh-1000xm5 Headphones,Electronics,7623.951636666667,3000.0,2.287185491E7
S114,I235573,Sony Wh-1000xm5 Headphones,Electronics,7623.951636666667,3000.0,2.287185491E7
S124,I235573,Sony Wh-1000xm5 Headphones,Electronics,7623.951636666667,3000.0,2.287185491E7
S111,I235573,Sony Wh-1000xm5 Headphones,Electronics,7623.951636666667,3000.0,2.287185491E7
S128,I235573,Sony Wh-1000xm5 Headphones,Electronics,7623.951636666667,3000.0,2.287185491E7
S116,I235573,Sony Wh-1000xm5 Headphones,Electronics,7623.951636666667,3000.0,2.287185491E7
S142,I235573,Sony Wh-1000xm5 Headphones,Electronics,7623.951636666667,3000.0,2.287185491E7
S132,I235573,Sony Wh-1000xm5 Headphones,Electronics,7623.951636666667,3000.0,2.287185491E7
S139,I235573,Sony Wh-1000xm5 Headphones,Electronics,7623.951636666667,3000.0,2.287185491E7
S127,I235573,Sony Wh-1000xm5 Headphones,Electronics,7623.951636666667,3000.0,2.287185491E7
S141,I235573,Sony Wh-1000xm5 Headphones,Electronics,7623.951636666667,3000.0,2.287185491E7
S140,I235573,Sony Wh-1000xm5 Headphones,Electronics,7623.951636666667,3000.0,2.287185491E7
S149,I267212,Apple Iphone 15 Pro,Electronics,65209.3119549763,844.0,5.503665929E7
S105,I267212,Apple Iphone 15 Pro,Electronics,65209.3119549763,844.0,5.503665929E7
S148,I267212,Apple Iphone 15 Pro,Electronics,65209.3119549763,844.0,5.503665929E7
S106,I267212,Apple Iphone 15 Pro,Electronics,65209.3119549763,844.0,5.503665929E7
S102,I267212,Apple Iphone 15 Pro,Electronics,65209.3119549763,844.0,5.503665929E7
S104,I267212,Apple Iphone 15 Pro,Electronics,65209.3119549763,844.0,5.503665929E7
S120,I267212,Apple Iphone 15 Pro,Electronics,65209.3119549763,844.0,5.503665929E7
S143,I267212,Apple Iphone 15 Pro,Electronics,65209.3119549763,844.0,5.503665929E7
S119,I267212,Apple Iphone 15 Pro,Electronics,65209.3119549763,844.0,5.503665929E7
S145,I267212,Apple Iphone 15 Pro,Electronics,65209.3119549763,844.0,5.503665929E7
S136,I267212,Apple Iphone 15 Pro,Electronics,65209.3119549763,844.0,5.503665929E7
S115,I267212,Apple Iphone 15 Pro,Electronics,65209.3119549763,844.0,5.503665929E7
S107,I267212,Apple Iphone 15 Pro,Electronics,65209.3119549763,844.0,5.503665929E7
S110,I267212,Apple Iphone 15 Pro,Electronics,65209.3119549763,844.0,5.503665929E7
S118,I267212,Apple Iphone 15 Pro,Electronics,65209.3119549763,844.0,5.503665929E7
S101,I267212,Apple Iphone 15 Pro,Electronics,65209.3119549763,844.0,5.503665929E7
S129,I267212,Apple Iphone 15 Pro,Electronics,65209.3119549763,844.0,5.503665929E7
S126,I267212,Apple Iphone 15 Pro,Electronics,65209.3119549763,844.0,5.503665929E7
S135,I267212,Apple Iphone 15 Pro,Electronics,65209.3119549763,844.0,5.503665929E7
S131,I267212,Apple Iphone 15 Pro,Electronics,65209.3119549763,844.0,5.503665929E7
S125,I267212,Apple Iphone 15 Pro,Electronics,65209.3119549763,844.0,5.503665929E7
S108,I267212,Apple Iphone 15 Pro,Electronics,65209.3119549763,844.0,5.503665929E7
S109,I267212,Apple Iphone 15 Pro,Electronics,65209.3119549763,844.0,5.503665929E7
S146,I267212,Apple Iphone 15 Pro,Electronics,65209.3119549763,844.0,5.503665929E7
S112,I267212,Apple Iphone 15 Pro,Electronics,65209.3119549763,844.0,5.503665929E7
S150,I267212,Apple Iphone 15 Pro,Electronics,65209.3119549763,844.0,5.503665929E7
S103,I267212,Apple Iphone 15 Pro,Electronics,65209.3119549763,844.0,5.503665929E7
S113,I267212,Apple Iphone 15 Pro,Electronics,65209.3119549763,844.0,5.503665929E7
S147,I267212,Apple Iphone 15 Pro,Electronics,65209.3119549763,844.0,5.503665929E7
S138,I267212,Apple Iphone 15 Pro,Electronics,65209.3119549763,844.0,5.503665929E7
S100,I267212,Apple Iphone 15 Pro,Electronics,65209.3119549763,844.0,5.503665929E7
S122,I267212,Apple Iphone 15 Pro,Electronics,65209.3119549763,844.0,5.503665929E7
S133,I267212,Apple Iphone 15 Pro,Electronics,65209.3119549763,844.0,5.503665929E7
S123,I267212,Apple Iphone 15 Pro,Electronics,65209.3119549763,844.0,5.503665929E7
S144,I267212,Apple Iphone 15 Pro,Electronics,65209.3119549763,844.0,5.503665929E7
S137,I267212,Apple Iphone 15 Pro,Electronics,65209.3119549763,844.0,5.503665929E7
S117,I267212,Apple Iphone 15 Pro,Electronics,65209.3119549763,844.0,5.503665929E7
S134,I267212,Apple Iphone 15 Pro,Electronics,65209.3119549763,844.0,5.503665929E7
S130,I267212,Apple Iphone 15 Pro,Electronics,65209.3119549763,844.0,5.503665929E7
S121,I267212,Apple Iphone 15 Pro,Electronics,65209.3119549763,844.0,5.503665929E7
S114,I267212,Apple Iphone 15 Pro,Electronics,65209.3119549763,844.0,5.503665929E7
S124,I267212,Apple Iphone 15 Pro,Electronics,65209.3119549763,844.0,5.503665929E7
S111,I267212,Apple Iphone 15 Pro,Electronics,65209.3119549763,844.0,5.503665929E7
S128,I267212,Apple Iphone 15 Pro,Electronics,65209.3119549763,844.0,5.503665929E7
S116,I267212,Apple Iphone 15 Pro,Electronics,65209.3119549763,844.0,5.503665929E7
S132,I267212,Apple Iphone 15 Pro,Electronics,65209.3119549763,844.0,5.503665929E7
S139,I267212,Apple Iphone 15 Pro,Electronics,65209.3119549763,844.0,5.503665929E7
S127,I267212,Apple Iphone 15 Pro,Electronics,65209.3119549763,844.0,5.503665929E7
S141,I267212,Apple Iphone 15 Pro,Electronics,65209.3119549763,844.0,5.503665929E7
S140,I267212,Apple Iphone 15 Pro,Electronics,65209.3119549763,844.0,5.503665929E7
S149,I268868,Apple Iphone 15 Pro,Electronics,71827.1022,3000.0,2.154813066E8
S105,I268868,Apple Iphone 15 Pro,Electronics,71827.1022,3000.0,2.154813066E8
S148,I268868,Apple Iphone 15 Pro,Electronics,71827.1022,3000.0,2.154813066E8
S106,I268868,Apple Iphone 15 Pro,Electronics,71827.1022,3000.0,2.154813066E8
S102,I268868,Apple Iphone 15 Pro,Electronics,71827.1022,3000.0,2.154813066E8
S104,I268868,Apple Iphone 15 Pro,Electronics,71827.1022,3000.0,2.154813066E8
S120,I268868,Apple Iphone 15 Pro,Electronics,71827.1022,3000.0,2.154813066E8
S143,I268868,Apple Iphone 15 Pro,Electronics,71827.1022,3000.0,2.154813066E8
S119,I268868,Apple Iphone 15 Pro,Electronics,71827.1022,3000.0,2.154813066E8
S145,I268868,Apple Iphone 15 Pro,Electronics,71827.1022,3000.0,2.154813066E8
S136,I268868,Apple Iphone 15 Pro,Electronics,71827.1022,3000.0,2.154813066E8
S115,I268868,Apple Iphone 15 Pro,Electronics,71827.1022,3000.0,2.154813066E8
S107,I268868,Apple Iphone 15 Pro,Electronics,71827.1022,3000.0,2.154813066E8
S110,I268868,Apple Iphone 15 Pro,Electronics,71827.1022,3000.0,2.154813066E8
S118,I268868,Apple Iphone 15 Pro,Electronics,71827.1022,3000.0,2.154813066E8
S129,I268868,Apple Iphone 15 Pro,Electronics,71827.1022,3000.0,2.154813066E8
S126,I268868,Apple Iphone 15 Pro,Electronics,71827.1022,3000.0,2.154813066E8
S135,I268868,Apple Iphone 15 Pro,Electronics,71827.1022,3000.0,2.154813066E8
S131,I268868,Apple Iphone 15 Pro,Electronics,71827.1022,3000.0,2.154813066E8
S125,I268868,Apple Iphone 15 Pro,Electronics,71827.1022,3000.0,2.154813066E8
S108,I268868,Apple Iphone 15 Pro,Electronics,71827.1022,3000.0,2.154813066E8
S109,I268868,Apple Iphone 15 Pro,Electronics,71827.1022,3000.0,2.154813066E8
S146,I268868,Apple Iphone 15 Pro,Electronics,71827.1022,3000.0,2.154813066E8
S112,I268868,Apple Iphone 15 Pro,Electronics,71827.1022,3000.0,2.154813066E8
S150,I268868,Apple Iphone 15 Pro,Electronics,71827.1022,3000.0,2.154813066E8
S103,I268868,Apple Iphone 15 Pro,Electronics,71827.1022,3000.0,2.154813066E8
S113,I268868,Apple Iphone 15 Pro,Electronics,71827.1022,3000.0,2.154813066E8
S147,I268868,Apple Iphone 15 Pro,Electronics,71827.1022,3000.0,2.154813066E8
S138,I268868,Apple Iphone 15 Pro,Electronics,71827.1022,3000.0,2.154813066E8
S100,I268868,Apple Iphone 15 Pro,Electronics,71827.1022,3000.0,2.154813066E8
S122,I268868,Apple Iphone 15 Pro,Electronics,71827.1022,3000.0,2.154813066E8
S133,I268868,Apple Iphone 15 Pro,Electronics,71827.1022,3000.0,2.154813066E8
S123,I268868,Apple Iphone 15 Pro,Electronics,71827.1022,3000.0,2.154813066E8
S144,I268868,Apple Iphone 15 Pro,Electronics,71827.1022,3000.0,2.154813066E8
S137,I268868,Apple Iphone 15 Pro,Electronics,71827.1022,3000.0,2.154813066E8
S117,I268868,Apple Iphone 15 Pro,Electronics,71827.1022,3000.0,2.154813066E8
S134,I268868,Apple Iphone 15 Pro,Electronics,71827.1022,3000.0,2.154813066E8
S130,I268868,Apple Iphone 15 Pro,Electronics,71827.1022,3000.0,2.154813066E8
S121,I268868,Apple Iphone 15 Pro,Electronics,71827.1022,3000.0,2.154813066E8
S114,I268868,Apple Iphone 15 Pro,Electronics,71827.1022,3000.0,2.154813066E8
S124,I268868,Apple Iphone 15 Pro,Electronics,71827.1022,3000.0,2.154813066E8
S111,I268868,Apple Iphone 15 Pro,Electronics,71827.1022,3000.0,2.154813066E8
S128,I268868,Apple Iphone 15 Pro,Electronics,71827.1022,3000.0,2.154813066E8
S116,I268868,Apple Iphone 15 Pro,Electronics,71827.1022,3000.0,2.154813066E8
S142,I268868,Apple Iphone 15 Pro,Electronics,71827.1022,3000.0,2.154813066E8
S132,I268868,Apple Iphone 15 Pro,Electronics,71827.1022,3000.0,2.154813066E8
S139,I268868,Apple Iphone 15 Pro,Electronics,71827.1022,3000.0,2.154813066E8
S127,I268868,Apple Iphone 15 Pro,Electronics,71827.1022,3000.0,2.154813066E8
S141,I268868,Apple Iphone 15 Pro,Electronics,71827.1022,3000.0,2.154813066E8
S140,I268868,Apple Iphone 15 Pro,Electronics,71827.1022,3000.0,2.154813066E8
S149,I278703,Boat Smartwatch,Electronics,6237.61687,3000.0,1.871285061E7
S105,I278703,Boat Smartwatch,Electronics,6237.61687,3000.0,1.871285061E7
S148,I278703,Boat Smartwatch,Electronics,6237.61687,3000.0,1.871285061E7
S106,I278703,Boat Smartwatch,Electronics,6237.61687,3000.0,1.871285061E7
S102,I278703,Boat Smartwatch,Electronics,6237.61687,3000.0,1.871285061E7
S104,I278703,Boat Smartwatch,Electronics,6237.61687,3000.0,1.871285061E7
S120,I278703,Boat Smartwatch,Electronics,6237.61687,3000.0,1.871285061E7
S143,I278703,Boat Smartwatch,Electronics,6237.61687,3000.0,1.871285061E7
S119,I278703,Boat Smartwatch,Electronics,6237.61687,3000.0,1.871285061E7
S145,I278703,Boat Smartwatch,Electronics,6237.61687,3000.0,1.871285061E7
S136,I278703,Boat Smartwatch,Electronics,6237.61687,3000.0,1.871285061E7
S115,I278703,Boat Smartwatch,Electronics,6237.61687,3000.0,1.871285061E7
S107,I278703,Boat Smartwatch,Electronics,6237.61687,3000.0,1.871285061E7
S110,I278703,Boat Smartwatch,Electronics,6237.61687,3000.0,1.871285061E7
S118,I278703,Boat Smartwatch,Electronics,6237.61687,3000.0,1.871285061E7
S101,I278703,Boat Smartwatch,Electronics,6237.61687,3000.0,1.871285061E7
S129,I278703,Boat Smartwatch,Electronics,6237.61687,3000.0,1.871285061E7
S126,I278703,Boat Smartwatch,Electronics,6237.61687,3000.0,1.871285061E7
S135,I278703,Boat Smartwatch,Electronics,6237.61687,3000.0,1.871285061E7
S131,I278703,Boat Smartwatch,Electronics,6237.61687,3000.0,1.871285061E7
S125,I278703,Boat Smartwatch,Electronics,6237.61687,3000.0,1.871285061E7
S108,I278703,Boat Smartwatch,Electronics,6237.61687,3000.0,1.871285061E7
S146,I278703,Boat Smartwatch,Electronics,6237.61687,3000.0,1.871285061E7
S112,I278703,Boat Smartwatch,Electronics,6237.61687,3000.0,1.871285061E7
S150,I278703,Boat Smartwatch,Electronics,6237.61687,3000.0,1.871285061E7
S103,I278703,Boat Smartwatch,Electronics,6237.61687,3000.0,1.871285061E7
S113,I278703,Boat Smartwatch,Electronics,6237.61687,3000.0,1.871285061E7
S147,I278703,Boat Smartwatch,Electronics,6237.61687,3000.0,1.871285061E7
S138,I278703,Boat Smartwatch,Electronics,6237.61687,3000.0,1.871285061E7
S100,I278703,Boat Smartwatch,Electronics,6237.61687,3000.0,1.871285061E7
S122,I278703,Boat Smartwatch,Electronics,6237.61687,3000.0,1.871285061E7
S133,I278703,Boat Smartwatch,Electronics,6237.61687,3000.0,1.871285061E7
S123,I278703,Boat Smartwatch,Electronics,6237.61687,3000.0,1.871285061E7
S144,I278703,Boat Smartwatch,Electronics,6237.61687,3000.0,1.871285061E7
S137,I278703,Boat Smartwatch,Electronics,6237.61687,3000.0,1.871285061E7
S117,I278703,Boat Smartwatch,Electronics,6237.61687,3000.0,1.871285061E7
S134,I278703,Boat Smartwatch,Electronics,6237.61687,3000.0,1.871285061E7
S130,I278703,Boat Smartwatch,Electronics,6237.61687,3000.0,1.871285061E7
S121,I278703,Boat Smartwatch,Electronics,6237.61687,3000.0,1.871285061E7
S114,I278703,Boat Smartwatch,Electronics,6237.61687,3000.0,1.871285061E7
S124,I278703,Boat Smartwatch,Electronics,6237.61687,3000.0,1.871285061E7
S111,I278703,Boat Smartwatch,Electronics,6237.61687,3000.0,1.871285061E7
S128,I278703,Boat Smartwatch,Electronics,6237.61687,3000.0,1.871285061E7
S116,I278703,Boat Smartwatch,Electronics,6237.61687,3000.0,1.871285061E7
S142,I278703,Boat Smartwatch,Electronics,6237.61687,3000.0,1.871285061E7
S132,I278703,Boat Smartwatch,Electronics,6237.61687,3000.0,1.871285061E7
S139,I278703,Boat Smartwatch,Electronics,6237.61687,3000.0,1.871285061E7
S127,I278703,Boat Smartwatch,Electronics,6237.61687,3000.0,1.871285061E7
S141,I278703,Boat Smartwatch,Electronics,6237.61687,3000.0,1.871285061E7
S140,I278703,Boat Smartwatch,Electronics,6237.61687,3000.0,1.871285061E7
S149,I286429,Boat Smartwatch,Electronics,21916.939221938777,1568.0,3.43657607E7
S105,I286429,Boat Smartwatch,Electronics,21916.939221938777,1568.0,3.43657607E7
S148,I286429,Boat Smartwatch,Electronics,21916.939221938777,1568.0,3.43657607E7
S106,I286429,Boat Smartwatch,Electronics,21916.939221938777,1568.0,3.43657607E7
S102,I286429,Boat Smartwatch,Electronics,21916.939221938777,1568.0,3.43657607E7
S104,I286429,Boat Smartwatch,Electronics,21916.939221938777,1568.0,3.43657607E7
S120,I286429,Boat Smartwatch,Electronics,21916.939221938777,1568.0,3.43657607E7
S143,I286429,Boat Smartwatch,Electronics,21916.939221938777,1568.0,3.43657607E7
S119,I286429,Boat Smartwatch,Electronics,21916.939221938777,1568.0,3.43657607E7
S145,I286429,Boat Smartwatch,Electronics,21916.939221938777,1568.0,3.43657607E7
S136,I286429,Boat Smartwatch,Electronics,21916.939221938777,1568.0,3.43657607E7
S115,I286429,Boat Smartwatch,Electronics,21916.939221938777,1568.0,3.43657607E7
S107,I286429,Boat Smartwatch,Electronics,21916.939221938777,1568.0,3.43657607E7
S118,I286429,Boat Smartwatch,Electronics,21916.939221938777,1568.0,3.43657607E7
S101,I286429,Boat Smartwatch,Electronics,21916.939221938777,1568.0,3.43657607E7
S129,I286429,Boat Smartwatch,Electronics,21916.939221938777,1568.0,3.43657607E7
S126,I286429,Boat Smartwatch,Electronics,21916.939221938777,1568.0,3.43657607E7
S135,I286429,Boat Smartwatch,Electronics,21916.939221938777,1568.0,3.43657607E7
S131,I286429,Boat Smartwatch,Electronics,21916.939221938777,1568.0,3.43657607E7
S125,I286429,Boat Smartwatch,Electronics,21916.939221938777,1568.0,3.43657607E7
S108,I286429,Boat Smartwatch,Electronics,21916.939221938777,1568.0,3.43657607E7
S109,I286429,Boat Smartwatch,Electronics,21916.939221938777,1568.0,3.43657607E7
S146,I286429,Boat Smartwatch,Electronics,21916.939221938777,1568.0,3.43657607E7
S112,I286429,Boat Smartwatch,Electronics,21916.939221938777,1568.0,3.43657607E7
S150,I286429,Boat Smartwatch,Electronics,21916.939221938777,1568.0,3.43657607E7
S103,I286429,Boat Smartwatch,Electronics,21916.939221938777,1568.0,3.43657607E7
S113,I286429,Boat Smartwatch,Electronics,21916.939221938777,1568.0,3.43657607E7
S147,I286429,Boat Smartwatch,Electronics,21916.939221938777,1568.0,3.43657607E7
S138,I286429,Boat Smartwatch,Electronics,21916.939221938777,1568.0,3.43657607E7
S100,I286429,Boat Smartwatch,Electronics,21916.939221938777,1568.0,3.43657607E7
S122,I286429,Boat Smartwatch,Electronics,21916.939221938777,1568.0,3.43657607E7
S133,I286429,Boat Smartwatch,Electronics,21916.939221938777,1568.0,3.43657607E7
S123,I286429,Boat Smartwatch,Electronics,21916.939221938777,1568.0,3.43657607E7
S144,I286429,Boat Smartwatch,Electronics,21916.939221938777,1568.0,3.43657607E7
S137,I286429,Boat Smartwatch,Electronics,21916.939221938777,1568.0,3.43657607E7
S117,I286429,Boat Smartwatch,Electronics,21916.939221938777,1568.0,3.43657607E7
S134,I286429,Boat Smartwatch,Electronics,21916.939221938777,1568.0,3.43657607E7
S130,I286429,Boat Smartwatch,Electronics,21916.939221938777,1568.0,3.43657607E7
S121,I286429,Boat Smartwatch,Electronics,21916.939221938777,1568.0,3.43657607E7
S114,I286429,Boat Smartwatch,Electronics,21916.939221938777,1568.0,3.43657607E7
S124,I286429,Boat Smartwatch,Electronics,21916.939221938777,1568.0,3.43657607E7
S111,I286429,Boat Smartwatch,Electronics,21916.939221938777,1568.0,3.43657607E7
S128,I286429,Boat Smartwatch,Electronics,21916.939221938777,1568.0,3.43657607E7
S116,I286429,Boat Smartwatch,Electronics,21916.939221938777,1568.0,3.43657607E7
S142,I286429,Boat Smartwatch,Electronics,21916.939221938777,1568.0,3.43657607E7
S132,I286429,Boat Smartwatch,Electronics,21916.939221938777,1568.0,3.43657607E7
S139,I286429,Boat Smartwatch,Electronics,21916.939221938777,1568.0,3.43657607E7
S127,I286429,Boat Smartwatch,Electronics,21916.939221938777,1568.0,3.43657607E7
S141,I286429,Boat Smartwatch,Electronics,21916.939221938777,1568.0,3.43657607E7
S140,I286429,Boat Smartwatch,Electronics,21916.939221938777,1568.0,3.43657607E7
S149,I297135,U.s. Polo T-shirt,Apparel,125292.25147126438,435.0,5.450212939E7
S105,I297135,U.s. Polo T-shirt,Apparel,125292.25147126438,435.0,5.450212939E7
S148,I297135,U.s. Polo T-shirt,Apparel,125292.25147126438,435.0,5.450212939E7
S106,I297135,U.s. Polo T-shirt,Apparel,125292.25147126438,435.0,5.450212939E7
S102,I297135,U.s. Polo T-shirt,Apparel,125292.25147126438,435.0,5.450212939E7
S104,I297135,U.s. Polo T-shirt,Apparel,125292.25147126438,435.0,5.450212939E7
S120,I297135,U.s. Polo T-shirt,Apparel,125292.25147126438,435.0,5.450212939E7
S143,I297135,U.s. Polo T-shirt,Apparel,125292.25147126438,435.0,5.450212939E7
S119,I297135,U.s. Polo T-shirt,Apparel,125292.25147126438,435.0,5.450212939E7
S145,I297135,U.s. Polo T-shirt,Apparel,125292.25147126438,435.0,5.450212939E7
S136,I297135,U.s. Polo T-shirt,Apparel,125292.25147126438,435.0,5.450212939E7
S115,I297135,U.s. Polo T-shirt,Apparel,125292.25147126438,435.0,5.450212939E7
S107,I297135,U.s. Polo T-shirt,Apparel,125292.25147126438,435.0,5.450212939E7
S110,I297135,U.s. Polo T-shirt,Apparel,125292.25147126438,435.0,5.450212939E7
S118,I297135,U.s. Polo T-shirt,Apparel,125292.25147126438,435.0,5.450212939E7
S101,I297135,U.s. Polo T-shirt,Apparel,125292.25147126438,435.0,5.450212939E7
S129,I297135,U.s. Polo T-shirt,Apparel,125292.25147126438,435.0,5.450212939E7
S126,I297135,U.s. Polo T-shirt,Apparel,125292.25147126438,435.0,5.450212939E7
S135,I297135,U.s. Polo T-shirt,Apparel,125292.25147126438,435.0,5.450212939E7
S131,I297135,U.s. Polo T-shirt,Apparel,125292.25147126438,435.0,5.450212939E7
S125,I297135,U.s. Polo T-shirt,Apparel,125292.25147126438,435.0,5.450212939E7
S108,I297135,U.s. Polo T-shirt,Apparel,125292.25147126438,435.0,5.450212939E7
S109,I297135,U.s. Polo T-shirt,Apparel,125292.25147126438,435.0,5.450212939E7
S146,I297135,U.s. Polo T-shirt,Apparel,125292.25147126438,435.0,5.450212939E7
S112,I297135,U.s. Polo T-shirt,Apparel,125292.25147126438,435.0,5.450212939E7
S150,I297135,U.s. Polo T-shirt,Apparel,125292.25147126438,435.0,5.450212939E7
S103,I297135,U.s. Polo T-shirt,Apparel,125292.25147126438,435.0,5.450212939E7
S113,I297135,U.s. Polo T-shirt,Apparel,125292.25147126438,435.0,5.450212939E7
S147,I297135,U.s. Polo T-shirt,Apparel,125292.25147126438,435.0,5.450212939E7
S138,I297135,U.s. Polo T-shirt,Apparel,125292.25147126438,435.0,5.450212939E7
S100,I297135,U.s. Polo T-shirt,Apparel,125292.25147126438,435.0,5.450212939E7
S122,I297135,U.s. Polo T-shirt,Apparel,125292.25147126438,435.0,5.450212939E7
S133,I297135,U.s. Polo T-shirt,Apparel,125292.25147126438,435.0,5.450212939E7
S123,I297135,U.s. Polo T-shirt,Apparel,125292.25147126438,435.0,5.450212939E7
S137,I297135,U.s. Polo T-shirt,Apparel,125292.25147126438,435.0,5.450212939E7
S117,I297135,U.s. Polo T-shirt,Apparel,125292.25147126438,435.0,5.450212939E7
S134,I297135,U.s. Polo T-shirt,Apparel,125292.25147126438,435.0,5.450212939E7
S130,I297135,U.s. Polo T-shirt,Apparel,125292.25147126438,435.0,5.450212939E7
S121,I297135,U.s. Polo T-shirt,Apparel,125292.25147126438,435.0,5.450212939E7
S114,I297135,U.s. Polo T-shirt,Apparel,125292.25147126438,435.0,5.450212939E7
S124,I297135,U.s. Polo T-shirt,Apparel,125292.25147126438,435.0,5.450212939E7
S111,I297135,U.s. Polo T-shirt,Apparel,125292.25147126438,435.0,5.450212939E7
S128,I297135,U.s. Polo T-shirt,Apparel,125292.25147126438,435.0,5.450212939E7
S116,I297135,U.s. Polo T-shirt,Apparel,125292.25147126438,435.0,5.450212939E7
S142,I297135,U.s. Polo T-shirt,Apparel,125292.25147126438,435.0,5.450212939E7
S132,I297135,U.s. Polo T-shirt,Apparel,125292.25147126438,435.0,5.450212939E7
S139,I297135,U.s. Polo T-shirt,Apparel,125292.25147126438,435.0,5.450212939E7
S127,I297135,U.s. Polo T-shirt,Apparel,125292.25147126438,435.0,5.450212939E7
S141,I297135,U.s. Polo T-shirt,Apparel,125292.25147126438,435.0,5.450212939E7
S140,I297135,U.s. Polo T-shirt,Apparel,125292.25147126438,435.0,5.450212939E7
S149,I362171,Samsung 55” Smart Tv,Home Appliances,122189.95049663929,2678.0,3.2722468743E8
S105,I362171,Samsung 55” Smart Tv,Home Appliances,122189.95049663929,2678.0,3.2722468743E8
S148,I362171,Samsung 55” Smart Tv,Home Appliances,122189.95049663929,2678.0,3.2722468743E8
S106,I362171,Samsung 55” Smart Tv,Home Appliances,122189.95049663929,2678.0,3.2722468743E8
S102,I362171,Samsung 55” Smart Tv,Home Appliances,122189.95049663929,2678.0,3.2722468743E8
S104,I362171,Samsung 55” Smart Tv,Home Appliances,122189.95049663929,2678.0,3.2722468743E8
S120,I362171,Samsung 55” Smart Tv,Home Appliances,122189.95049663929,2678.0,3.2722468743E8
S143,I362171,Samsung 55” Smart Tv,Home Appliances,122189.95049663929,2678.0,3.2722468743E8
S119,I362171,Samsung 55” Smart Tv,Home Appliances,122189.95049663929,2678.0,3.2722468743E8
S145,I362171,Samsung 55” Smart Tv,Home Appliances,122189.95049663929,2678.0,3.2722468743E8
S136,I362171,Samsung 55” Smart Tv,Home Appliances,122189.95049663929,2678.0,3.2722468743E8
S115,I362171,Samsung 55” Smart Tv,Home Appliances,122189.95049663929,2678.0,3.2722468743E8
S107,I362171,Samsung 55” Smart Tv,Home Appliances,122189.95049663929,2678.0,3.2722468743E8
S110,I362171,Samsung 55” Smart Tv,Home Appliances,122189.95049663929,2678.0,3.2722468743E8
S118,I362171,Samsung 55” Smart Tv,Home Appliances,122189.95049663929,2678.0,3.2722468743E8
S101,I362171,Samsung 55” Smart Tv,Home Appliances,122189.95049663929,2678.0,3.2722468743E8
S129,I362171,Samsung 55” Smart Tv,Home Appliances,122189.95049663929,2678.0,3.2722468743E8
S126,I362171,Samsung 55” Smart Tv,Home Appliances,122189.95049663929,2678.0,3.2722468743E8
S135,I362171,Samsung 55” Smart Tv,Home Appliances,122189.95049663929,2678.0,3.2722468743E8
S131,I362171,Samsung 55” Smart Tv,Home Appliances,122189.95049663929,2678.0,3.2722468743E8
S125,I362171,Samsung 55” Smart Tv,Home Appliances,122189.95049663929,2678.0,3.2722468743E8
S108,I362171,Samsung 55” Smart Tv,Home Appliances,122189.95049663929,2678.0,3.2722468743E8
S109,I362171,Samsung 55” Smart Tv,Home Appliances,122189.95049663929,2678.0,3.2722468743E8
S146,I362171,Samsung 55” Smart Tv,Home Appliances,122189.95049663929,2678.0,3.2722468743E8
S112,I362171,Samsung 55” Smart Tv,Home Appliances,122189.95049663929,2678.0,3.2722468743E8
S150,I362171,Samsung 55” Smart Tv,Home Appliances,122189.95049663929,2678.0,3.2722468743E8
S103,I362171,Samsung 55” Smart Tv,Home Appliances,122189.95049663929,2678.0,3.2722468743E8
S113,I362171,Samsung 55” Smart Tv,Home Appliances,122189.95049663929,2678.0,3.2722468743E8
S147,I362171,Samsung 55” Smart Tv,Home Appliances,122189.95049663929,2678.0,3.2722468743E8
S138,I362171,Samsung 55” Smart Tv,Home Appliances,122189.95049663929,2678.0,3.2722468743E8
S100,I362171,Samsung 55” Smart Tv,Home Appliances,122189.95049663929,2678.0,3.2722468743E8
S122,I362171,Samsung 55” Smart Tv,Home Appliances,122189.95049663929,2678.0,3.2722468743E8
S133,I362171,Samsung 55” Smart Tv,Home Appliances,122189.95049663929,2678.0,3.2722468743E8
S123,I362171,Samsung 55” Smart Tv,Home Appliances,122189.95049663929,2678.0,3.2722468743E8
S144,I362171,Samsung 55” Smart Tv,Home Appliances,122189.95049663929,2678.0,3.2722468743E8
S137,I362171,Samsung 55” Smart Tv,Home Appliances,122189.95049663929,2678.0,3.2722468743E8
S117,I362171,Samsung 55” Smart Tv,Home Appliances,122189.95049663929,2678.0,3.2722468743E8
S134,I362171,Samsung 55” Smart Tv,Home Appliances,122189.95049663929,2678.0,3.2722468743E8
S130,I362171,Samsung 55” Smart Tv,Home Appliances,122189.95049663929,2678.0,3.2722468743E8
S121,I362171,Samsung 55” Smart Tv,Home Appliances,122189.95049663929,2678.0,3.2722468743E8
S114,I362171,Samsung 55” Smart Tv,Home Appliances,122189.95049663929,2678.0,3.2722468743E8
S124,I362171,Samsung 55” Smart Tv,Home Appliances,122189.95049663929,2678.0,3.2722468743E8
S111,I362171,Samsung 55” Smart Tv,Home Appliances,122189.95049663929,2678.0,3.2722468743E8
S128,I362171,Samsung 55” Smart Tv,Home Appliances,122189.95049663929,2678.0,3.2722468743E8
S116,I362171,Samsung 55” Smart Tv,Home Appliances,122189.95049663929,2678.0,3.2722468743E8
S142,I362171,Samsung 55” Smart Tv,Home Appliances,122189.95049663929,2678.0,3.2722468743E8
S132,I362171,Samsung 55” Smart Tv,Home Appliances,122189.95049663929,2678.0,3.2722468743E8
S139,I362171,Samsung 55” Smart Tv,Home Appliances,122189.95049663929,2678.0,3.2722468743E8
S127,I362171,Samsung 55” Smart Tv,Home Appliances,122189.95049663929,2678.0,3.2722468743E8
S141,I362171,Samsung 55” Smart Tv,Home Appliances,122189.95049663929,2678.0,3.2722468743E8
S149,I400809,Allen Solly Formal Pants,Apparel,109837.66914666667,3000.0,3.2951300744E8
S105,I400809,Allen Solly Formal Pants,Apparel,109837.66914666667,3000.0,3.2951300744E8
S148,I400809,Allen Solly Formal Pants,Apparel,109837.66914666667,3000.0,3.2951300744E8
S106,I400809,Allen Solly Formal Pants,Apparel,109837.66914666667,3000.0,3.2951300744E8
S102,I400809,Allen Solly Formal Pants,Apparel,109837.66914666667,3000.0,3.2951300744E8
S104,I400809,Allen Solly Formal Pants,Apparel,109837.66914666667,3000.0,3.2951300744E8
S120,I400809,Allen Solly Formal Pants,Apparel,109837.66914666667,3000.0,3.2951300744E8
S143,I400809,Allen Solly Formal Pants,Apparel,109837.66914666667,3000.0,3.2951300744E8
S119,I400809,Allen Solly Formal Pants,Apparel,109837.66914666667,3000.0,3.2951300744E8
S145,I400809,Allen Solly Formal Pants,Apparel,109837.66914666667,3000.0,3.2951300744E8
S136,I400809,Allen Solly Formal Pants,Apparel,109837.66914666667,3000.0,3.2951300744E8
S115,I400809,Allen Solly Formal Pants,Apparel,109837.66914666667,3000.0,3.2951300744E8
S107,I400809,Allen Solly Formal Pants,Apparel,109837.66914666667,3000.0,3.2951300744E8
S110,I400809,Allen Solly Formal Pants,Apparel,109837.66914666667,3000.0,3.2951300744E8
S118,I400809,Allen Solly Formal Pants,Apparel,109837.66914666667,3000.0,3.2951300744E8
S101,I400809,Allen Solly Formal Pants,Apparel,109837.66914666667,3000.0,3.2951300744E8
S129,I400809,Allen Solly Formal Pants,Apparel,109837.66914666667,3000.0,3.2951300744E8
S126,I400809,Allen Solly Formal Pants,Apparel,109837.66914666667,3000.0,3.2951300744E8
S135,I400809,Allen Solly Formal Pants,Apparel,109837.66914666667,3000.0,3.2951300744E8
S131,I400809,Allen Solly Formal Pants,Apparel,109837.66914666667,3000.0,3.2951300744E8
S125,I400809,Allen Solly Formal Pants,Apparel,109837.66914666667,3000.0,3.2951300744E8
S108,I400809,Allen Solly Formal Pants,Apparel,109837.66914666667,3000.0,3.2951300744E8
S109,I400809,Allen Solly Formal Pants,Apparel,109837.66914666667,3000.0,3.2951300744E8
S146,I400809,Allen Solly Formal Pants,Apparel,109837.66914666667,3000.0,3.2951300744E8
S112,I400809,Allen Solly Formal Pants,Apparel,109837.66914666667,3000.0,3.2951300744E8
S150,I400809,Allen Solly Formal Pants,Apparel,109837.66914666667,3000.0,3.2951300744E8
S103,I400809,Allen Solly Formal Pants,Apparel,109837.66914666667,3000.0,3.2951300744E8
S113,I400809,Allen Solly Formal Pants,Apparel,109837.66914666667,3000.0,3.2951300744E8
S147,I400809,Allen Solly Formal Pants,Apparel,109837.66914666667,3000.0,3.2951300744E8
S138,I400809,Allen Solly Formal Pants,Apparel,109837.66914666667,3000.0,3.2951300744E8
S100,I400809,Allen Solly Formal Pants,Apparel,109837.66914666667,3000.0,3.2951300744E8
S122,I400809,Allen Solly Formal Pants,Apparel,109837.66914666667,3000.0,3.2951300744E8
S133,I400809,Allen Solly Formal Pants,Apparel,109837.66914666667,3000.0,3.2951300744E8
S123,I400809,Allen Solly Formal Pants,Apparel,109837.66914666667,3000.0,3.2951300744E8
S144,I400809,Allen Solly Formal Pants,Apparel,109837.66914666667,3000.0,3.2951300744E8
S137,I400809,Allen Solly Formal Pants,Apparel,109837.66914666667,3000.0,3.2951300744E8
S117,I400809,Allen Solly Formal Pants,Apparel,109837.66914666667,3000.0,3.2951300744E8
S134,I400809,Allen Solly Formal Pants,Apparel,109837.66914666667,3000.0,3.2951300744E8
S130,I400809,Allen Solly Formal Pants,Apparel,109837.66914666667,3000.0,3.2951300744E8
S121,I400809,Allen Solly Formal Pants,Apparel,109837.66914666667,3000.0,3.2951300744E8
S114,I400809,Allen Solly Formal Pants,Apparel,109837.66914666667,3000.0,3.2951300744E8
S124,I400809,Allen Solly Formal Pants,Apparel,109837.66914666667,3000.0,3.2951300744E8
S111,I400809,Allen Solly Formal Pants,Apparel,109837.66914666667,3000.0,3.2951300744E8
S128,I400809,Allen Solly Formal Pants,Apparel,109837.66914666667,3000.0,3.2951300744E8
S116,I400809,Allen Solly Formal Pants,Apparel,109837.66914666667,3000.0,3.2951300744E8
S142,I400809,Allen Solly Formal Pants,Apparel,109837.66914666667,3000.0,3.2951300744E8
S132,I400809,Allen Solly Formal Pants,Apparel,109837.66914666667,3000.0,3.2951300744E8
S127,I400809,Allen Solly Formal Pants,Apparel,109837.66914666667,3000.0,3.2951300744E8
S141,I400809,Allen Solly Formal Pants,Apparel,109837.66914666667,3000.0,3.2951300744E8
S140,I400809,Allen Solly Formal Pants,Apparel,109837.66914666667,3000.0,3.2951300744E8
S149,I403355,Lg 7kg Washing Machine,Home Appliances,140037.54153333334,3000.0,4.201126246E8
S105,I403355,Lg 7kg Washing Machine,Home Appliances,140037.54153333334,3000.0,4.201126246E8
S148,I403355,Lg 7kg Washing Machine,Home Appliances,140037.54153333334,3000.0,4.201126246E8
S106,I403355,Lg 7kg Washing Machine,Home Appliances,140037.54153333334,3000.0,4.201126246E8
S102,I403355,Lg 7kg Washing Machine,Home Appliances,140037.54153333334,3000.0,4.201126246E8
S104,I403355,Lg 7kg Washing Machine,Home Appliances,140037.54153333334,3000.0,4.201126246E8
S120,I403355,Lg 7kg Washing Machine,Home Appliances,140037.54153333334,3000.0,4.201126246E8
S143,I403355,Lg 7kg Washing Machine,Home Appliances,140037.54153333334,3000.0,4.201126246E8
S119,I403355,Lg 7kg Washing Machine,Home Appliances,140037.54153333334,3000.0,4.201126246E8
S145,I403355,Lg 7kg Washing Machine,Home Appliances,140037.54153333334,3000.0,4.201126246E8
S136,I403355,Lg 7kg Washing Machine,Home Appliances,140037.54153333334,3000.0,4.201126246E8
S115,I403355,Lg 7kg Washing Machine,Home Appliances,140037.54153333334,3000.0,4.201126246E8
S107,I403355,Lg 7kg Washing Machine,Home Appliances,140037.54153333334,3000.0,4.201126246E8
S110,I403355,Lg 7kg Washing Machine,Home Appliances,140037.54153333334,3000.0,4.201126246E8
S118,I403355,Lg 7kg Washing Machine,Home Appliances,140037.54153333334,3000.0,4.201126246E8
S101,I403355,Lg 7kg Washing Machine,Home Appliances,140037.54153333334,3000.0,4.201126246E8
S129,I403355,Lg 7kg Washing Machine,Home Appliances,140037.54153333334,3000.0,4.201126246E8
S126,I403355,Lg 7kg Washing Machine,Home Appliances,140037.54153333334,3000.0,4.201126246E8
S135,I403355,Lg 7kg Washing Machine,Home Appliances,140037.54153333334,3000.0,4.201126246E8
S131,I403355,Lg 7kg Washing Machine,Home Appliances,140037.54153333334,3000.0,4.201126246E8
S125,I403355,Lg 7kg Washing Machine,Home Appliances,140037.54153333334,3000.0,4.201126246E8
S108,I403355,Lg 7kg Washing Machine,Home Appliances,140037.54153333334,3000.0,4.201126246E8
S109,I403355,Lg 7kg Washing Machine,Home Appliances,140037.54153333334,3000.0,4.201126246E8
S146,I403355,Lg 7kg Washing Machine,Home Appliances,140037.54153333334,3000.0,4.201126246E8
S112,I403355,Lg 7kg Washing Machine,Home Appliances,140037.54153333334,3000.0,4.201126246E8
S150,I403355,Lg 7kg Washing Machine,Home Appliances,140037.54153333334,3000.0,4.201126246E8
S103,I403355,Lg 7kg Washing Machine,Home Appliances,140037.54153333334,3000.0,4.201126246E8
S113,I403355,Lg 7kg Washing Machine,Home Appliances,140037.54153333334,3000.0,4.201126246E8
S147,I403355,Lg 7kg Washing Machine,Home Appliances,140037.54153333334,3000.0,4.201126246E8
S138,I403355,Lg 7kg Washing Machine,Home Appliances,140037.54153333334,3000.0,4.201126246E8
S100,I403355,Lg 7kg Washing Machine,Home Appliances,140037.54153333334,3000.0,4.201126246E8
S122,I403355,Lg 7kg Washing Machine,Home Appliances,140037.54153333334,3000.0,4.201126246E8
S133,I403355,Lg 7kg Washing Machine,Home Appliances,140037.54153333334,3000.0,4.201126246E8
S123,I403355,Lg 7kg Washing Machine,Home Appliances,140037.54153333334,3000.0,4.201126246E8
S144,I403355,Lg 7kg Washing Machine,Home Appliances,140037.54153333334,3000.0,4.201126246E8
S137,I403355,Lg 7kg Washing Machine,Home Appliances,140037.54153333334,3000.0,4.201126246E8
S117,I403355,Lg 7kg Washing Machine,Home Appliances,140037.54153333334,3000.0,4.201126246E8
S134,I403355,Lg 7kg Washing Machine,Home Appliances,140037.54153333334,3000.0,4.201126246E8
S130,I403355,Lg 7kg Washing Machine,Home Appliances,140037.54153333334,3000.0,4.201126246E8
S121,I403355,Lg 7kg Washing Machine,Home Appliances,140037.54153333334,3000.0,4.201126246E8
S114,I403355,Lg 7kg Washing Machine,Home Appliances,140037.54153333334,3000.0,4.201126246E8
S124,I403355,Lg 7kg Washing Machine,Home Appliances,140037.54153333334,3000.0,4.201126246E8
S111,I403355,Lg 7kg Washing Machine,Home Appliances,140037.54153333334,3000.0,4.201126246E8
S128,I403355,Lg 7kg Washing Machine,Home Appliances,140037.54153333334,3000.0,4.201126246E8
S142,I403355,Lg 7kg Washing Machine,Home Appliances,140037.54153333334,3000.0,4.201126246E8
S132,I403355,Lg 7kg Washing Machine,Home Appliances,140037.54153333334,3000.0,4.201126246E8
S139,I403355,Lg 7kg Washing Machine,Home Appliances,140037.54153333334,3000.0,4.201126246E8
S127,I403355,Lg 7kg Washing Machine,Home Appliances,140037.54153333334,3000.0,4.201126246E8
S141,I403355,Lg 7kg Washing Machine,Home Appliances,140037.54153333334,3000.0,4.201126246E8
S140,I403355,Lg 7kg Washing Machine,Home Appliances,140037.54153333334,3000.0,4.201126246E8
S149,I417651,Samsung Galaxy S24 Ultra,Electronics,82461.96860544218,588.0,4.848763754E7
S105,I417651,Samsung Galaxy S24 Ultra,Electronics,82461.96860544218,588.0,4.848763754E7
S148,I417651,Samsung Galaxy S24 Ultra,Electronics,82461.96860544218,588.0,4.848763754E7
S106,I417651,Samsung Galaxy S24 Ultra,Electronics,82461.96860544218,588.0,4.848763754E7
S102,I417651,Samsung Galaxy S24 Ultra,Electronics,82461.96860544218,588.0,4.848763754E7
S104,I417651,Samsung Galaxy S24 Ultra,Electronics,82461.96860544218,588.0,4.848763754E7
S120,I417651,Samsung Galaxy S24 Ultra,Electronics,82461.96860544218,588.0,4.848763754E7
S143,I417651,Samsung Galaxy S24 Ultra,Electronics,82461.96860544218,588.0,4.848763754E7
S119,I417651,Samsung Galaxy S24 Ultra,Electronics,82461.96860544218,588.0,4.848763754E7
S145,I417651,Samsung Galaxy S24 Ultra,Electronics,82461.96860544218,588.0,4.848763754E7
S136,I417651,Samsung Galaxy S24 Ultra,Electronics,82461.96860544218,588.0,4.848763754E7
S115,I417651,Samsung Galaxy S24 Ultra,Electronics,82461.96860544218,588.0,4.848763754E7
S107,I417651,Samsung Galaxy S24 Ultra,Electronics,82461.96860544218,588.0,4.848763754E7
S110,I417651,Samsung Galaxy S24 Ultra,Electronics,82461.96860544218,588.0,4.848763754E7
S118,I417651,Samsung Galaxy S24 Ultra,Electronics,82461.96860544218,588.0,4.848763754E7
S101,I417651,Samsung Galaxy S24 Ultra,Electronics,82461.96860544218,588.0,4.848763754E7
S129,I417651,Samsung Galaxy S24 Ultra,Electronics,82461.96860544218,588.0,4.848763754E7
S126,I417651,Samsung Galaxy S24 Ultra,Electronics,82461.96860544218,588.0,4.848763754E7
S135,I417651,Samsung Galaxy S24 Ultra,Electronics,82461.96860544218,588.0,4.848763754E7
S131,I417651,Samsung Galaxy S24 Ultra,Electronics,82461.96860544218,588.0,4.848763754E7
S125,I417651,Samsung Galaxy S24 Ultra,Electronics,82461.96860544218,588.0,4.848763754E7
S108,I417651,Samsung Galaxy S24 Ultra,Electronics,82461.96860544218,588.0,4.848763754E7
S109,I417651,Samsung Galaxy S24 Ultra,Electronics,82461.96860544218,588.0,4.848763754E7
S112,I417651,Samsung Galaxy S24 Ultra,Electronics,82461.96860544218,588.0,4.848763754E7
S150,I417651,Samsung Galaxy S24 Ultra,Electronics,82461.96860544218,588.0,4.848763754E7
S103,I417651,Samsung Galaxy S24 Ultra,Electronics,82461.96860544218,588.0,4.848763754E7
S113,I417651,Samsung Galaxy S24 Ultra,Electronics,82461.96860544218,588.0,4.848763754E7
S147,I417651,Samsung Galaxy S24 Ultra,Electronics,82461.96860544218,588.0,4.848763754E7
S138,I417651,Samsung Galaxy S24 Ultra,Electronics,82461.96860544218,588.0,4.848763754E7
S100,I417651,Samsung Galaxy S24 Ultra,Electronics,82461.96860544218,588.0,4.848763754E7
S122,I417651,Samsung Galaxy S24 Ultra,Electronics,82461.96860544218,588.0,4.848763754E7
S133,I417651,Samsung Galaxy S24 Ultra,Electronics,82461.96860544218,588.0,4.848763754E7
S123,I417651,Samsung Galaxy S24 Ultra,Electronics,82461.96860544218,588.0,4.848763754E7
S144,I417651,Samsung Galaxy S24 Ultra,Electronics,82461.96860544218,588.0,4.848763754E7
S137,I417651,Samsung Galaxy S24 Ultra,Electronics,82461.96860544218,588.0,4.848763754E7
S117,I417651,Samsung Galaxy S24 Ultra,Electronics,82461.96860544218,588.0,4.848763754E7
S134,I417651,Samsung Galaxy S24 Ultra,Electronics,82461.96860544218,588.0,4.848763754E7
S130,I417651,Samsung Galaxy S24 Ultra,Electronics,82461.96860544218,588.0,4.848763754E7
S121,I417651,Samsung Galaxy S24 Ultra,Electronics,82461.96860544218,588.0,4.848763754E7
S114,I417651,Samsung Galaxy S24 Ultra,Electronics,82461.96860544218,588.0,4.848763754E7
S124,I417651,Samsung Galaxy S24 Ultra,Electronics,82461.96860544218,588.0,4.848763754E7
S111,I417651,Samsung Galaxy S24 Ultra,Electronics,82461.96860544218,588.0,4.848763754E7
S128,I417651,Samsung Galaxy S24 Ultra,Electronics,82461.96860544218,588.0,4.848763754E7
S116,I417651,Samsung Galaxy S24 Ultra,Electronics,82461.96860544218,588.0,4.848763754E7
S142,I417651,Samsung Galaxy S24 Ultra,Electronics,82461.96860544218,588.0,4.848763754E7
S132,I417651,Samsung Galaxy S24 Ultra,Electronics,82461.96860544218,588.0,4.848763754E7
S139,I417651,Samsung Galaxy S24 Ultra,Electronics,82461.96860544218,588.0,4.848763754E7
S127,I417651,Samsung Galaxy S24 Ultra,Electronics,82461.96860544218,588.0,4.848763754E7
S141,I417651,Samsung Galaxy S24 Ultra,Electronics,82461.96860544218,588.0,4.848763754E7
S140,I417651,Samsung Galaxy S24 Ultra,Electronics,82461.96860544218,588.0,4.848763754E7
S149,I430676,H&m Cotton Shirt,Apparel,142392.81880354506,677.0,9.639993833E7
S105,I430676,H&m Cotton Shirt,Apparel,142392.81880354506,677.0,9.639993833E7
S148,I430676,H&m Cotton Shirt,Apparel,142392.81880354506,677.0,9.639993833E7
S106,I430676,H&m Cotton Shirt,Apparel,142392.81880354506,677.0,9.639993833E7
S102,I430676,H&m Cotton Shirt,Apparel,142392.81880354506,677.0,9.639993833E7
S104,I430676,H&m Cotton Shirt,Apparel,142392.81880354506,677.0,9.639993833E7
S120,I430676,H&m Cotton Shirt,Apparel,142392.81880354506,677.0,9.639993833E7
S143,I430676,H&m Cotton Shirt,Apparel,142392.81880354506,677.0,9.639993833E7
S119,I430676,H&m Cotton Shirt,Apparel,142392.81880354506,677.0,9.639993833E7
S145,I430676,H&m Cotton Shirt,Apparel,142392.81880354506,677.0,9.639993833E7
S136,I430676,H&m Cotton Shirt,Apparel,142392.81880354506,677.0,9.639993833E7
S115,I430676,H&m Cotton Shirt,Apparel,142392.81880354506,677.0,9.639993833E7
S107,I430676,H&m Cotton Shirt,Apparel,142392.81880354506,677.0,9.639993833E7
S110,I430676,H&m Cotton Shirt,Apparel,142392.81880354506,677.0,9.639993833E7
S118,I430676,H&m Cotton Shirt,Apparel,142392.81880354506,677.0,9.639993833E7
S101,I430676,H&m Cotton Shirt,Apparel,142392.81880354506,677.0,9.639993833E7
S129,I430676,H&m Cotton Shirt,Apparel,142392.81880354506,677.0,9.639993833E7
S126,I430676,H&m Cotton Shirt,Apparel,142392.81880354506,677.0,9.639993833E7
S135,I430676,H&m Cotton Shirt,Apparel,142392.81880354506,677.0,9.639993833E7
S131,I430676,H&m Cotton Shirt,Apparel,142392.81880354506,677.0,9.639993833E7
S125,I430676,H&m Cotton Shirt,Apparel,142392.81880354506,677.0,9.639993833E7
S108,I430676,H&m Cotton Shirt,Apparel,142392.81880354506,677.0,9.639993833E7
S146,I430676,H&m Cotton Shirt,Apparel,142392.81880354506,677.0,9.639993833E7
S112,I430676,H&m Cotton Shirt,Apparel,142392.81880354506,677.0,9.639993833E7
S150,I430676,H&m Cotton Shirt,Apparel,142392.81880354506,677.0,9.639993833E7
S103,I430676,H&m Cotton Shirt,Apparel,142392.81880354506,677.0,9.639993833E7
S113,I430676,H&m Cotton Shirt,Apparel,142392.81880354506,677.0,9.639993833E7
S147,I430676,H&m Cotton Shirt,Apparel,142392.81880354506,677.0,9.639993833E7
S138,I430676,H&m Cotton Shirt,Apparel,142392.81880354506,677.0,9.639993833E7
S100,I430676,H&m Cotton Shirt,Apparel,142392.81880354506,677.0,9.639993833E7
S122,I430676,H&m Cotton Shirt,Apparel,142392.81880354506,677.0,9.639993833E7
S133,I430676,H&m Cotton Shirt,Apparel,142392.81880354506,677.0,9.639993833E7
S123,I430676,H&m Cotton Shirt,Apparel,142392.81880354506,677.0,9.639993833E7
S144,I430676,H&m Cotton Shirt,Apparel,142392.81880354506,677.0,9.639993833E7
S137,I430676,H&m Cotton Shirt,Apparel,142392.81880354506,677.0,9.639993833E7
S117,I430676,H&m Cotton Shirt,Apparel,142392.81880354506,677.0,9.639993833E7
S134,I430676,H&m Cotton Shirt,Apparel,142392.81880354506,677.0,9.639993833E7
S130,I430676,H&m Cotton Shirt,Apparel,142392.81880354506,677.0,9.639993833E7
S121,I430676,H&m Cotton Shirt,Apparel,142392.81880354506,677.0,9.639993833E7
S114,I430676,H&m Cotton Shirt,Apparel,142392.81880354506,677.0,9.639993833E7
S124,I430676,H&m Cotton Shirt,Apparel,142392.81880354506,677.0,9.639993833E7
S111,I430676,H&m Cotton Shirt,Apparel,142392.81880354506,677.0,9.639993833E7
S128,I430676,H&m Cotton Shirt,Apparel,142392.81880354506,677.0,9.639993833E7
S116,I430676,H&m Cotton Shirt,Apparel,142392.81880354506,677.0,9.639993833E7
S142,I430676,H&m Cotton Shirt,Apparel,142392.81880354506,677.0,9.639993833E7
S132,I430676,H&m Cotton Shirt,Apparel,142392.81880354506,677.0,9.639993833E7
S139,I430676,H&m Cotton Shirt,Apparel,142392.81880354506,677.0,9.639993833E7
S127,I430676,H&m Cotton Shirt,Apparel,142392.81880354506,677.0,9.639993833E7
S141,I430676,H&m Cotton Shirt,Apparel,142392.81880354506,677.0,9.639993833E7
S140,I430676,H&m Cotton Shirt,Apparel,142392.81880354506,677.0,9.639993833E7
S105,I462636,Philips Air Fryer,Home Appliances,105999.87393541876,991.0,1.0504587507E8
S148,I462636,Philips Air Fryer,Home Appliances,105999.87393541876,991.0,1.0504587507E8
S106,I462636,Philips Air Fryer,Home Appliances,105999.87393541876,991.0,1.0504587507E8
S102,I462636,Philips Air Fryer,Home Appliances,105999.87393541876,991.0,1.0504587507E8
S104,I462636,Philips Air Fryer,Home Appliances,105999.87393541876,991.0,1.0504587507E8
S120,I462636,Philips Air Fryer,Home Appliances,105999.87393541876,991.0,1.0504587507E8
S143,I462636,Philips Air Fryer,Home Appliances,105999.87393541876,991.0,1.0504587507E8
S119,I462636,Philips Air Fryer,Home Appliances,105999.87393541876,991.0,1.0504587507E8
S145,I462636,Philips Air Fryer,Home Appliances,105999.87393541876,991.0,1.0504587507E8
S136,I462636,Philips Air Fryer,Home Appliances,105999.87393541876,991.0,1.0504587507E8
S115,I462636,Philips Air Fryer,Home Appliances,105999.87393541876,991.0,1.0504587507E8
S107,I462636,Philips Air Fryer,Home Appliances,105999.87393541876,991.0,1.0504587507E8
S110,I462636,Philips Air Fryer,Home Appliances,105999.87393541876,991.0,1.0504587507E8
S118,I462636,Philips Air Fryer,Home Appliances,105999.87393541876,991.0,1.0504587507E8
S101,I462636,Philips Air Fryer,Home Appliances,105999.87393541876,991.0,1.0504587507E8
S129,I462636,Philips Air Fryer,Home Appliances,105999.87393541876,991.0,1.0504587507E8
S126,I462636,Philips Air Fryer,Home Appliances,105999.87393541876,991.0,1.0504587507E8
S135,I462636,Philips Air Fryer,Home Appliances,105999.87393541876,991.0,1.0504587507E8
S131,I462636,Philips Air Fryer,Home Appliances,105999.87393541876,991.0,1.0504587507E8
S125,I462636,Philips Air Fryer,Home Appliances,105999.87393541876,991.0,1.0504587507E8
S108,I462636,Philips Air Fryer,Home Appliances,105999.87393541876,991.0,1.0504587507E8
S109,I462636,Philips Air Fryer,Home Appliances,105999.87393541876,991.0,1.0504587507E8
S146,I462636,Philips Air Fryer,Home Appliances,105999.87393541876,991.0,1.0504587507E8
S112,I462636,Philips Air Fryer,Home Appliances,105999.87393541876,991.0,1.0504587507E8
S150,I462636,Philips Air Fryer,Home Appliances,105999.87393541876,991.0,1.0504587507E8
S103,I462636,Philips Air Fryer,Home Appliances,105999.87393541876,991.0,1.0504587507E8
S113,I462636,Philips Air Fryer,Home Appliances,105999.87393541876,991.0,1.0504587507E8
S147,I462636,Philips Air Fryer,Home Appliances,105999.87393541876,991.0,1.0504587507E8
S138,I462636,Philips Air Fryer,Home Appliances,105999.87393541876,991.0,1.0504587507E8
S100,I462636,Philips Air Fryer,Home Appliances,105999.87393541876,991.0,1.0504587507E8
S122,I462636,Philips Air Fryer,Home Appliances,105999.87393541876,991.0,1.0504587507E8
S133,I462636,Philips Air Fryer,Home Appliances,105999.87393541876,991.0,1.0504587507E8
S123,I462636,Philips Air Fryer,Home Appliances,105999.87393541876,991.0,1.0504587507E8
S144,I462636,Philips Air Fryer,Home Appliances,105999.87393541876,991.0,1.0504587507E8
S137,I462636,Philips Air Fryer,Home Appliances,105999.87393541876,991.0,1.0504587507E8
S117,I462636,Philips Air Fryer,Home Appliances,105999.87393541876,991.0,1.0504587507E8
S134,I462636,Philips Air Fryer,Home Appliances,105999.87393541876,991.0,1.0504587507E8
S130,I462636,Philips Air Fryer,Home Appliances,105999.87393541876,991.0,1.0504587507E8
S121,I462636,Philips Air Fryer,Home Appliances,105999.87393541876,991.0,1.0504587507E8
S114,I462636,Philips Air Fryer,Home Appliances,105999.87393541876,991.0,1.0504587507E8
S124,I462636,Philips Air Fryer,Home Appliances,105999.87393541876,991.0,1.0504587507E8
S111,I462636,Philips Air Fryer,Home Appliances,105999.87393541876,991.0,1.0504587507E8
S128,I462636,Philips Air Fryer,Home Appliances,105999.87393541876,991.0,1.0504587507E8
S116,I462636,Philips Air Fryer,Home Appliances,105999.87393541876,991.0,1.0504587507E8
S142,I462636,Philips Air Fryer,Home Appliances,105999.87393541876,991.0,1.0504587507E8
S132,I462636,Philips Air Fryer,Home Appliances,105999.87393541876,991.0,1.0504587507E8
S139,I462636,Philips Air Fryer,Home Appliances,105999.87393541876,991.0,1.0504587507E8
S127,I462636,Philips Air Fryer,Home Appliances,105999.87393541876,991.0,1.0504587507E8
S141,I462636,Philips Air Fryer,Home Appliances,105999.87393541876,991.0,1.0504587507E8
S140,I462636,Philips Air Fryer,Home Appliances,105999.87393541876,991.0,1.0504587507E8
S149,I46901,Dyson Vacuum Cleaner,Home Appliances,15540.080866666667,3000.0,4.66202426E7
S105,I46901,Dyson Vacuum Cleaner,Home Appliances,15540.080866666667,3000.0,4.66202426E7
S148,I46901,Dyson Vacuum Cleaner,Home Appliances,15540.080866666667,3000.0,4.66202426E7
S106,I46901,Dyson Vacuum Cleaner,Home Appliances,15540.080866666667,3000.0,4.66202426E7
S102,I46901,Dyson Vacuum Cleaner,Home Appliances,15540.080866666667,3000.0,4.66202426E7
S104,I46901,Dyson Vacuum Cleaner,Home Appliances,15540.080866666667,3000.0,4.66202426E7
S120,I46901,Dyson Vacuum Cleaner,Home Appliances,15540.080866666667,3000.0,4.66202426E7
S143,I46901,Dyson Vacuum Cleaner,Home Appliances,15540.080866666667,3000.0,4.66202426E7
S119,I46901,Dyson Vacuum Cleaner,Home Appliances,15540.080866666667,3000.0,4.66202426E7
S145,I46901,Dyson Vacuum Cleaner,Home Appliances,15540.080866666667,3000.0,4.66202426E7
S136,I46901,Dyson Vacuum Cleaner,Home Appliances,15540.080866666667,3000.0,4.66202426E7
S115,I46901,Dyson Vacuum Cleaner,Home Appliances,15540.080866666667,3000.0,4.66202426E7
S107,I46901,Dyson Vacuum Cleaner,Home Appliances,15540.080866666667,3000.0,4.66202426E7
S110,I46901,Dyson Vacuum Cleaner,Home Appliances,15540.080866666667,3000.0,4.66202426E7
S118,I46901,Dyson Vacuum Cleaner,Home Appliances,15540.080866666667,3000.0,4.66202426E7
S101,I46901,Dyson Vacuum Cleaner,Home Appliances,15540.080866666667,3000.0,4.66202426E7
S129,I46901,Dyson Vacuum Cleaner,Home Appliances,15540.080866666667,3000.0,4.66202426E7
S126,I46901,Dyson Vacuum Cleaner,Home Appliances,15540.080866666667,3000.0,4.66202426E7
S135,I46901,Dyson Vacuum Cleaner,Home Appliances,15540.080866666667,3000.0,4.66202426E7
S131,I46901,Dyson Vacuum Cleaner,Home Appliances,15540.080866666667,3000.0,4.66202426E7
S125,I46901,Dyson Vacuum Cleaner,Home Appliances,15540.080866666667,3000.0,4.66202426E7
S108,I46901,Dyson Vacuum Cleaner,Home Appliances,15540.080866666667,3000.0,4.66202426E7
S109,I46901,Dyson Vacuum Cleaner,Home Appliances,15540.080866666667,3000.0,4.66202426E7
S146,I46901,Dyson Vacuum Cleaner,Home Appliances,15540.080866666667,3000.0,4.66202426E7
S112,I46901,Dyson Vacuum Cleaner,Home Appliances,15540.080866666667,3000.0,4.66202426E7
S150,I46901,Dyson Vacuum Cleaner,Home Appliances,15540.080866666667,3000.0,4.66202426E7
S103,I46901,Dyson Vacuum Cleaner,Home Appliances,15540.080866666667,3000.0,4.66202426E7
S113,I46901,Dyson Vacuum Cleaner,Home Appliances,15540.080866666667,3000.0,4.66202426E7
S147,I46901,Dyson Vacuum Cleaner,Home Appliances,15540.080866666667,3000.0,4.66202426E7
S138,I46901,Dyson Vacuum Cleaner,Home Appliances,15540.080866666667,3000.0,4.66202426E7
S100,I46901,Dyson Vacuum Cleaner,Home Appliances,15540.080866666667,3000.0,4.66202426E7
S122,I46901,Dyson Vacuum Cleaner,Home Appliances,15540.080866666667,3000.0,4.66202426E7
S133,I46901,Dyson Vacuum Cleaner,Home Appliances,15540.080866666667,3000.0,4.66202426E7
S123,I46901,Dyson Vacuum Cleaner,Home Appliances,15540.080866666667,3000.0,4.66202426E7
S144,I46901,Dyson Vacuum Cleaner,Home Appliances,15540.080866666667,3000.0,4.66202426E7
S137,I46901,Dyson Vacuum Cleaner,Home Appliances,15540.080866666667,3000.0,4.66202426E7
S117,I46901,Dyson Vacuum Cleaner,Home Appliances,15540.080866666667,3000.0,4.66202426E7
S134,I46901,Dyson Vacuum Cleaner,Home Appliances,15540.080866666667,3000.0,4.66202426E7
S130,I46901,Dyson Vacuum Cleaner,Home Appliances,15540.080866666667,3000.0,4.66202426E7
S121,I46901,Dyson Vacuum Cleaner,Home Appliances,15540.080866666667,3000.0,4.66202426E7
S114,I46901,Dyson Vacuum Cleaner,Home Appliances,15540.080866666667,3000.0,4.66202426E7
S124,I46901,Dyson Vacuum Cleaner,Home Appliances,15540.080866666667,3000.0,4.66202426E7
S111,I46901,Dyson Vacuum Cleaner,Home Appliances,15540.080866666667,3000.0,4.66202426E7
S128,I46901,Dyson Vacuum Cleaner,Home Appliances,15540.080866666667,3000.0,4.66202426E7
S116,I46901,Dyson Vacuum Cleaner,Home Appliances,15540.080866666667,3000.0,4.66202426E7
S132,I46901,Dyson Vacuum Cleaner,Home Appliances,15540.080866666667,3000.0,4.66202426E7
S139,I46901,Dyson Vacuum Cleaner,Home Appliances,15540.080866666667,3000.0,4.66202426E7
S127,I46901,Dyson Vacuum Cleaner,Home Appliances,15540.080866666667,3000.0,4.66202426E7
S141,I46901,Dyson Vacuum Cleaner,Home Appliances,15540.080866666667,3000.0,4.66202426E7
S140,I46901,Dyson Vacuum Cleaner,Home Appliances,15540.080866666667,3000.0,4.66202426E7
S149,I479117,Bajaj Mixer Grinder,Home Appliances,74114.13326164875,558.0,4.135568636E7
S105,I479117,Bajaj Mixer Grinder,Home Appliances,74114.13326164875,558.0,4.135568636E7
S148,I479117,Bajaj Mixer Grinder,Home Appliances,74114.13326164875,558.0,4.135568636E7
S106,I479117,Bajaj Mixer Grinder,Home Appliances,74114.13326164875,558.0,4.135568636E7
S102,I479117,Bajaj Mixer Grinder,Home Appliances,74114.13326164875,558.0,4.135568636E7
S104,I479117,Bajaj Mixer Grinder,Home Appliances,74114.13326164875,558.0,4.135568636E7
S120,I479117,Bajaj Mixer Grinder,Home Appliances,74114.13326164875,558.0,4.135568636E7
S143,I479117,Bajaj Mixer Grinder,Home Appliances,74114.13326164875,558.0,4.135568636E7
S119,I479117,Bajaj Mixer Grinder,Home Appliances,74114.13326164875,558.0,4.135568636E7
S145,I479117,Bajaj Mixer Grinder,Home Appliances,74114.13326164875,558.0,4.135568636E7
S136,I479117,Bajaj Mixer Grinder,Home Appliances,74114.13326164875,558.0,4.135568636E7
S115,I479117,Bajaj Mixer Grinder,Home Appliances,74114.13326164875,558.0,4.135568636E7
S107,I479117,Bajaj Mixer Grinder,Home Appliances,74114.13326164875,558.0,4.135568636E7
S110,I479117,Bajaj Mixer Grinder,Home Appliances,74114.13326164875,558.0,4.135568636E7
S118,I479117,Bajaj Mixer Grinder,Home Appliances,74114.13326164875,558.0,4.135568636E7
S101,I479117,Bajaj Mixer Grinder,Home Appliances,74114.13326164875,558.0,4.135568636E7
S129,I479117,Bajaj Mixer Grinder,Home Appliances,74114.13326164875,558.0,4.135568636E7
S126,I479117,Bajaj Mixer Grinder,Home Appliances,74114.13326164875,558.0,4.135568636E7
S135,I479117,Bajaj Mixer Grinder,Home Appliances,74114.13326164875,558.0,4.135568636E7
S131,I479117,Bajaj Mixer Grinder,Home Appliances,74114.13326164875,558.0,4.135568636E7
S125,I479117,Bajaj Mixer Grinder,Home Appliances,74114.13326164875,558.0,4.135568636E7
S108,I479117,Bajaj Mixer Grinder,Home Appliances,74114.13326164875,558.0,4.135568636E7
S109,I479117,Bajaj Mixer Grinder,Home Appliances,74114.13326164875,558.0,4.135568636E7
S146,I479117,Bajaj Mixer Grinder,Home Appliances,74114.13326164875,558.0,4.135568636E7
S112,I479117,Bajaj Mixer Grinder,Home Appliances,74114.13326164875,558.0,4.135568636E7
S150,I479117,Bajaj Mixer Grinder,Home Appliances,74114.13326164875,558.0,4.135568636E7
S103,I479117,Bajaj Mixer Grinder,Home Appliances,74114.13326164875,558.0,4.135568636E7
S113,I479117,Bajaj Mixer Grinder,Home Appliances,74114.13326164875,558.0,4.135568636E7
S147,I479117,Bajaj Mixer Grinder,Home Appliances,74114.13326164875,558.0,4.135568636E7
S138,I479117,Bajaj Mixer Grinder,Home Appliances,74114.13326164875,558.0,4.135568636E7
S100,I479117,Bajaj Mixer Grinder,Home Appliances,74114.13326164875,558.0,4.135568636E7
S122,I479117,Bajaj Mixer Grinder,Home Appliances,74114.13326164875,558.0,4.135568636E7
S133,I479117,Bajaj Mixer Grinder,Home Appliances,74114.13326164875,558.0,4.135568636E7
S123,I479117,Bajaj Mixer Grinder,Home Appliances,74114.13326164875,558.0,4.135568636E7
S144,I479117,Bajaj Mixer Grinder,Home Appliances,74114.13326164875,558.0,4.135568636E7
S117,I479117,Bajaj Mixer Grinder,Home Appliances,74114.13326164875,558.0,4.135568636E7
S134,I479117,Bajaj Mixer Grinder,Home Appliances,74114.13326164875,558.0,4.135568636E7
S130,I479117,Bajaj Mixer Grinder,Home Appliances,74114.13326164875,558.0,4.135568636E7
S121,I479117,Bajaj Mixer Grinder,Home Appliances,74114.13326164875,558.0,4.135568636E7
S114,I479117,Bajaj Mixer Grinder,Home Appliances,74114.13326164875,558.0,4.135568636E7
S124,I479117,Bajaj Mixer Grinder,Home Appliances,74114.13326164875,558.0,4.135568636E7
S111,I479117,Bajaj Mixer Grinder,Home Appliances,74114.13326164875,558.0,4.135568636E7
S128,I479117,Bajaj Mixer Grinder,Home Appliances,74114.13326164875,558.0,4.135568636E7
S116,I479117,Bajaj Mixer Grinder,Home Appliances,74114.13326164875,558.0,4.135568636E7
S142,I479117,Bajaj Mixer Grinder,Home Appliances,74114.13326164875,558.0,4.135568636E7
S132,I479117,Bajaj Mixer Grinder,Home Appliances,74114.13326164875,558.0,4.135568636E7
S139,I479117,Bajaj Mixer Grinder,Home Appliances,74114.13326164875,558.0,4.135568636E7
S127,I479117,Bajaj Mixer Grinder,Home Appliances,74114.13326164875,558.0,4.135568636E7
S141,I479117,Bajaj Mixer Grinder,Home Appliances,74114.13326164875,558.0,4.135568636E7
S140,I479117,Bajaj Mixer Grinder,Home Appliances,74114.13326164875,558.0,4.135568636E7
S149,I482869,U.s. Polo T-shirt,Apparel,17190.33755333333,3000.0,5.157101266E7
S105,I482869,U.s. Polo T-shirt,Apparel,17190.33755333333,3000.0,5.157101266E7
S148,I482869,U.s. Polo T-shirt,Apparel,17190.33755333333,3000.0,5.157101266E7
S106,I482869,U.s. Polo T-shirt,Apparel,17190.33755333333,3000.0,5.157101266E7
S102,I482869,U.s. Polo T-shirt,Apparel,17190.33755333333,3000.0,5.157101266E7
S104,I482869,U.s. Polo T-shirt,Apparel,17190.33755333333,3000.0,5.157101266E7
S120,I482869,U.s. Polo T-shirt,Apparel,17190.33755333333,3000.0,5.157101266E7
S143,I482869,U.s. Polo T-shirt,Apparel,17190.33755333333,3000.0,5.157101266E7
S119,I482869,U.s. Polo T-shirt,Apparel,17190.33755333333,3000.0,5.157101266E7
S145,I482869,U.s. Polo T-shirt,Apparel,17190.33755333333,3000.0,5.157101266E7
S136,I482869,U.s. Polo T-shirt,Apparel,17190.33755333333,3000.0,5.157101266E7
S115,I482869,U.s. Polo T-shirt,Apparel,17190.33755333333,3000.0,5.157101266E7
S107,I482869,U.s. Polo T-shirt,Apparel,17190.33755333333,3000.0,5.157101266E7
S110,I482869,U.s. Polo T-shirt,Apparel,17190.33755333333,3000.0,5.157101266E7
S118,I482869,U.s. Polo T-shirt,Apparel,17190.33755333333,3000.0,5.157101266E7
S101,I482869,U.s. Polo T-shirt,Apparel,17190.33755333333,3000.0,5.157101266E7
S129,I482869,U.s. Polo T-shirt,Apparel,17190.33755333333,3000.0,5.157101266E7
S126,I482869,U.s. Polo T-shirt,Apparel,17190.33755333333,3000.0,5.157101266E7
S135,I482869,U.s. Polo T-shirt,Apparel,17190.33755333333,3000.0,5.157101266E7
S131,I482869,U.s. Polo T-shirt,Apparel,17190.33755333333,3000.0,5.157101266E7
S125,I482869,U.s. Polo T-shirt,Apparel,17190.33755333333,3000.0,5.157101266E7
S108,I482869,U.s. Polo T-shirt,Apparel,17190.33755333333,3000.0,5.157101266E7
S109,I482869,U.s. Polo T-shirt,Apparel,17190.33755333333,3000.0,5.157101266E7
S146,I482869,U.s. Polo T-shirt,Apparel,17190.33755333333,3000.0,5.157101266E7
S112,I482869,U.s. Polo T-shirt,Apparel,17190.33755333333,3000.0,5.157101266E7
S150,I482869,U.s. Polo T-shirt,Apparel,17190.33755333333,3000.0,5.157101266E7
S103,I482869,U.s. Polo T-shirt,Apparel,17190.33755333333,3000.0,5.157101266E7
S113,I482869,U.s. Polo T-shirt,Apparel,17190.33755333333,3000.0,5.157101266E7
S147,I482869,U.s. Polo T-shirt,Apparel,17190.33755333333,3000.0,5.157101266E7
S138,I482869,U.s. Polo T-shirt,Apparel,17190.33755333333,3000.0,5.157101266E7
S100,I482869,U.s. Polo T-shirt,Apparel,17190.33755333333,3000.0,5.157101266E7
S122,I482869,U.s. Polo T-shirt,Apparel,17190.33755333333,3000.0,5.157101266E7
S133,I482869,U.s. Polo T-shirt,Apparel,17190.33755333333,3000.0,5.157101266E7
S123,I482869,U.s. Polo T-shirt,Apparel,17190.33755333333,3000.0,5.157101266E7
S144,I482869,U.s. Polo T-shirt,Apparel,17190.33755333333,3000.0,5.157101266E7
S137,I482869,U.s. Polo T-shirt,Apparel,17190.33755333333,3000.0,5.157101266E7
S134,I482869,U.s. Polo T-shirt,Apparel,17190.33755333333,3000.0,5.157101266E7
S130,I482869,U.s. Polo T-shirt,Apparel,17190.33755333333,3000.0,5.157101266E7
S121,I482869,U.s. Polo T-shirt,Apparel,17190.33755333333,3000.0,5.157101266E7
S114,I482869,U.s. Polo T-shirt,Apparel,17190.33755333333,3000.0,5.157101266E7
S124,I482869,U.s. Polo T-shirt,Apparel,17190.33755333333,3000.0,5.157101266E7
S111,I482869,U.s. Polo T-shirt,Apparel,17190.33755333333,3000.0,5.157101266E7
S128,I482869,U.s. Polo T-shirt,Apparel,17190.33755333333,3000.0,5.157101266E7
S116,I482869,U.s. Polo T-shirt,Apparel,17190.33755333333,3000.0,5.157101266E7
S142,I482869,U.s. Polo T-shirt,Apparel,17190.33755333333,3000.0,5.157101266E7
S132,I482869,U.s. Polo T-shirt,Apparel,17190.33755333333,3000.0,5.157101266E7
S139,I482869,U.s. Polo T-shirt,Apparel,17190.33755333333,3000.0,5.157101266E7
S127,I482869,U.s. Polo T-shirt,Apparel,17190.33755333333,3000.0,5.157101266E7
S141,I482869,U.s. Polo T-shirt,Apparel,17190.33755333333,3000.0,5.157101266E7
S140,I482869,U.s. Polo T-shirt,Apparel,17190.33755333333,3000.0,5.157101266E7
S149,I519297,Samsung 55” Smart Tv,Home Appliances,79571.41002120891,943.0,7.503583965E7
S105,I519297,Samsung 55” Smart Tv,Home Appliances,79571.41002120891,943.0,7.503583965E7
S148,I519297,Samsung 55” Smart Tv,Home Appliances,79571.41002120891,943.0,7.503583965E7
S106,I519297,Samsung 55” Smart Tv,Home Appliances,79571.41002120891,943.0,7.503583965E7
S102,I519297,Samsung 55” Smart Tv,Home Appliances,79571.41002120891,943.0,7.503583965E7
S104,I519297,Samsung 55” Smart Tv,Home Appliances,79571.41002120891,943.0,7.503583965E7
S143,I519297,Samsung 55” Smart Tv,Home Appliances,79571.41002120891,943.0,7.503583965E7
S119,I519297,Samsung 55” Smart Tv,Home Appliances,79571.41002120891,943.0,7.503583965E7
S145,I519297,Samsung 55” Smart Tv,Home Appliances,79571.41002120891,943.0,7.503583965E7
S136,I519297,Samsung 55” Smart Tv,Home Appliances,79571.41002120891,943.0,7.503583965E7
S115,I519297,Samsung 55” Smart Tv,Home Appliances,79571.41002120891,943.0,7.503583965E7
S107,I519297,Samsung 55” Smart Tv,Home Appliances,79571.41002120891,943.0,7.503583965E7
S110,I519297,Samsung 55” Smart Tv,Home Appliances,79571.41002120891,943.0,7.503583965E7
S118,I519297,Samsung 55” Smart Tv,Home Appliances,79571.41002120891,943.0,7.503583965E7
S101,I519297,Samsung 55” Smart Tv,Home Appliances,79571.41002120891,943.0,7.503583965E7
S129,I519297,Samsung 55” Smart Tv,Home Appliances,79571.41002120891,943.0,7.503583965E7
S126,I519297,Samsung 55” Smart Tv,Home Appliances,79571.41002120891,943.0,7.503583965E7
S135,I519297,Samsung 55” Smart Tv,Home Appliances,79571.41002120891,943.0,7.503583965E7
S131,I519297,Samsung 55” Smart Tv,Home Appliances,79571.41002120891,943.0,7.503583965E7
S125,I519297,Samsung 55” Smart Tv,Home Appliances,79571.41002120891,943.0,7.503583965E7
S108,I519297,Samsung 55” Smart Tv,Home Appliances,79571.41002120891,943.0,7.503583965E7
S109,I519297,Samsung 55” Smart Tv,Home Appliances,79571.41002120891,943.0,7.503583965E7
S146,I519297,Samsung 55” Smart Tv,Home Appliances,79571.41002120891,943.0,7.503583965E7
S112,I519297,Samsung 55” Smart Tv,Home Appliances,79571.41002120891,943.0,7.503583965E7
S150,I519297,Samsung 55” Smart Tv,Home Appliances,79571.41002120891,943.0,7.503583965E7
S103,I519297,Samsung 55” Smart Tv,Home Appliances,79571.41002120891,943.0,7.503583965E7
S113,I519297,Samsung 55” Smart Tv,Home Appliances,79571.41002120891,943.0,7.503583965E7
S147,I519297,Samsung 55” Smart Tv,Home Appliances,79571.41002120891,943.0,7.503583965E7
S138,I519297,Samsung 55” Smart Tv,Home Appliances,79571.41002120891,943.0,7.503583965E7
S100,I519297,Samsung 55” Smart Tv,Home Appliances,79571.41002120891,943.0,7.503583965E7
S122,I519297,Samsung 55” Smart Tv,Home Appliances,79571.41002120891,943.0,7.503583965E7
S133,I519297,Samsung 55” Smart Tv,Home Appliances,79571.41002120891,943.0,7.503583965E7
S123,I519297,Samsung 55” Smart Tv,Home Appliances,79571.41002120891,943.0,7.503583965E7
S144,I519297,Samsung 55” Smart Tv,Home Appliances,79571.41002120891,943.0,7.503583965E7
S137,I519297,Samsung 55” Smart Tv,Home Appliances,79571.41002120891,943.0,7.503583965E7
S117,I519297,Samsung 55” Smart Tv,Home Appliances,79571.41002120891,943.0,7.503583965E7
S134,I519297,Samsung 55” Smart Tv,Home Appliances,79571.41002120891,943.0,7.503583965E7
S130,I519297,Samsung 55” Smart Tv,Home Appliances,79571.41002120891,943.0,7.503583965E7
S121,I519297,Samsung 55” Smart Tv,Home Appliances,79571.41002120891,943.0,7.503583965E7
S114,I519297,Samsung 55” Smart Tv,Home Appliances,79571.41002120891,943.0,7.503583965E7
S124,I519297,Samsung 55” Smart Tv,Home Appliances,79571.41002120891,943.0,7.503583965E7
S111,I519297,Samsung 55” Smart Tv,Home Appliances,79571.41002120891,943.0,7.503583965E7
S128,I519297,Samsung 55” Smart Tv,Home Appliances,79571.41002120891,943.0,7.503583965E7
S116,I519297,Samsung 55” Smart Tv,Home Appliances,79571.41002120891,943.0,7.503583965E7
S142,I519297,Samsung 55” Smart Tv,Home Appliances,79571.41002120891,943.0,7.503583965E7
S132,I519297,Samsung 55” Smart Tv,Home Appliances,79571.41002120891,943.0,7.503583965E7
S139,I519297,Samsung 55” Smart Tv,Home Appliances,79571.41002120891,943.0,7.503583965E7
S127,I519297,Samsung 55” Smart Tv,Home Appliances,79571.41002120891,943.0,7.503583965E7
S141,I519297,Samsung 55” Smart Tv,Home Appliances,79571.41002120891,943.0,7.503583965E7
S140,I519297,Samsung 55” Smart Tv,Home Appliances,79571.41002120891,943.0,7.503583965E7
S149,I523639,Philips Air Fryer,Home Appliances,62471.244,520.0,3.248504688E7
S105,I523639,Philips Air Fryer,Home Appliances,62471.244,520.0,3.248504688E7
S148,I523639,Philips Air Fryer,Home Appliances,62471.244,520.0,3.248504688E7
S106,I523639,Philips Air Fryer,Home Appliances,62471.244,520.0,3.248504688E7
S102,I523639,Philips Air Fryer,Home Appliances,62471.244,520.0,3.248504688E7
S104,I523639,Philips Air Fryer,Home Appliances,62471.244,520.0,3.248504688E7
S120,I523639,Philips Air Fryer,Home Appliances,62471.244,520.0,3.248504688E7
S143,I523639,Philips Air Fryer,Home Appliances,62471.244,520.0,3.248504688E7
S119,I523639,Philips Air Fryer,Home Appliances,62471.244,520.0,3.248504688E7
S145,I523639,Philips Air Fryer,Home Appliances,62471.244,520.0,3.248504688E7
S136,I523639,Philips Air Fryer,Home Appliances,62471.244,520.0,3.248504688E7
S115,I523639,Philips Air Fryer,Home Appliances,62471.244,520.0,3.248504688E7
S107,I523639,Philips Air Fryer,Home Appliances,62471.244,520.0,3.248504688E7
S110,I523639,Philips Air Fryer,Home Appliances,62471.244,520.0,3.248504688E7
S118,I523639,Philips Air Fryer,Home Appliances,62471.244,520.0,3.248504688E7
S101,I523639,Philips Air Fryer,Home Appliances,62471.244,520.0,3.248504688E7
S129,I523639,Philips Air Fryer,Home Appliances,62471.244,520.0,3.248504688E7
S126,I523639,Philips Air Fryer,Home Appliances,62471.244,520.0,3.248504688E7
S135,I523639,Philips Air Fryer,Home Appliances,62471.244,520.0,3.248504688E7
S131,I523639,Philips Air Fryer,Home Appliances,62471.244,520.0,3.248504688E7
S125,I523639,Philips Air Fryer,Home Appliances,62471.244,520.0,3.248504688E7
S108,I523639,Philips Air Fryer,Home Appliances,62471.244,520.0,3.248504688E7
S109,I523639,Philips Air Fryer,Home Appliances,62471.244,520.0,3.248504688E7
S146,I523639,Philips Air Fryer,Home Appliances,62471.244,520.0,3.248504688E7
S112,I523639,Philips Air Fryer,Home Appliances,62471.244,520.0,3.248504688E7
S103,I523639,Philips Air Fryer,Home Appliances,62471.244,520.0,3.248504688E7
S113,I523639,Philips Air Fryer,Home Appliances,62471.244,520.0,3.248504688E7
S147,I523639,Philips Air Fryer,Home Appliances,62471.244,520.0,3.248504688E7
S138,I523639,Philips Air Fryer,Home Appliances,62471.244,520.0,3.248504688E7
S100,I523639,Philips Air Fryer,Home Appliances,62471.244,520.0,3.248504688E7
S122,I523639,Philips Air Fryer,Home Appliances,62471.244,520.0,3.248504688E7
S133,I523639,Philips Air Fryer,Home Appliances,62471.244,520.0,3.248504688E7
S123,I523639,Philips Air Fryer,Home Appliances,62471.244,520.0,3.248504688E7
S144,I523639,Philips Air Fryer,Home Appliances,62471.244,520.0,3.248504688E7
S137,I523639,Philips Air Fryer,Home Appliances,62471.244,520.0,3.248504688E7
S117,I523639,Philips Air Fryer,Home Appliances,62471.244,520.0,3.248504688E7
S134,I523639,Philips Air Fryer,Home Appliances,62471.244,520.0,3.248504688E7
S130,I523639,Philips Air Fryer,Home Appliances,62471.244,520.0,3.248504688E7
S121,I523639,Philips Air Fryer,Home Appliances,62471.244,520.0,3.248504688E7
S114,I523639,Philips Air Fryer,Home Appliances,62471.244,520.0,3.248504688E7
S124,I523639,Philips Air Fryer,Home Appliances,62471.244,520.0,3.248504688E7
S111,I523639,Philips Air Fryer,Home Appliances,62471.244,520.0,3.248504688E7
S128,I523639,Philips Air Fryer,Home Appliances,62471.244,520.0,3.248504688E7
S116,I523639,Philips Air Fryer,Home Appliances,62471.244,520.0,3.248504688E7
S142,I523639,Philips Air Fryer,Home Appliances,62471.244,520.0,3.248504688E7
S132,I523639,Philips Air Fryer,Home Appliances,62471.244,520.0,3.248504688E7
S139,I523639,Philips Air Fryer,Home Appliances,62471.244,520.0,3.248504688E7
S127,I523639,Philips Air Fryer,Home Appliances,62471.244,520.0,3.248504688E7
S141,I523639,Philips Air Fryer,Home Appliances,62471.244,520.0,3.248504688E7
S140,I523639,Philips Air Fryer,Home Appliances,62471.244,520.0,3.248504688E7
S149,I545293,U.s. Polo T-shirt,Apparel,106010.77505557843,2429.0,2.5750017261E8
S105,I545293,U.s. Polo T-shirt,Apparel,106010.77505557843,2429.0,2.5750017261E8
S148,I545293,U.s. Polo T-shirt,Apparel,106010.77505557843,2429.0,2.5750017261E8
S106,I545293,U.s. Polo T-shirt,Apparel,106010.77505557843,2429.0,2.5750017261E8
S102,I545293,U.s. Polo T-shirt,Apparel,106010.77505557843,2429.0,2.5750017261E8
S104,I545293,U.s. Polo T-shirt,Apparel,106010.77505557843,2429.0,2.5750017261E8
S120,I545293,U.s. Polo T-shirt,Apparel,106010.77505557843,2429.0,2.5750017261E8
S143,I545293,U.s. Polo T-shirt,Apparel,106010.77505557843,2429.0,2.5750017261E8
S119,I545293,U.s. Polo T-shirt,Apparel,106010.77505557843,2429.0,2.5750017261E8
S145,I545293,U.s. Polo T-shirt,Apparel,106010.77505557843,2429.0,2.5750017261E8
S136,I545293,U.s. Polo T-shirt,Apparel,106010.77505557843,2429.0,2.5750017261E8
S115,I545293,U.s. Polo T-shirt,Apparel,106010.77505557843,2429.0,2.5750017261E8
S107,I545293,U.s. Polo T-shirt,Apparel,106010.77505557843,2429.0,2.5750017261E8
S110,I545293,U.s. Polo T-shirt,Apparel,106010.77505557843,2429.0,2.5750017261E8
S118,I545293,U.s. Polo T-shirt,Apparel,106010.77505557843,2429.0,2.5750017261E8
S101,I545293,U.s. Polo T-shirt,Apparel,106010.77505557843,2429.0,2.5750017261E8
S129,I545293,U.s. Polo T-shirt,Apparel,106010.77505557843,2429.0,2.5750017261E8
S126,I545293,U.s. Polo T-shirt,Apparel,106010.77505557843,2429.0,2.5750017261E8
S135,I545293,U.s. Polo T-shirt,Apparel,106010.77505557843,2429.0,2.5750017261E8
S131,I545293,U.s. Polo T-shirt,Apparel,106010.77505557843,2429.0,2.5750017261E8
S125,I545293,U.s. Polo T-shirt,Apparel,106010.77505557843,2429.0,2.5750017261E8
S108,I545293,U.s. Polo T-shirt,Apparel,106010.77505557843,2429.0,2.5750017261E8
S109,I545293,U.s. Polo T-shirt,Apparel,106010.77505557843,2429.0,2.5750017261E8
S146,I545293,U.s. Polo T-shirt,Apparel,106010.77505557843,2429.0,2.5750017261E8
S112,I545293,U.s. Polo T-shirt,Apparel,106010.77505557843,2429.0,2.5750017261E8
S150,I545293,U.s. Polo T-shirt,Apparel,106010.77505557843,2429.0,2.5750017261E8
S103,I545293,U.s. Polo T-shirt,Apparel,106010.77505557843,2429.0,2.5750017261E8
S113,I545293,U.s. Polo T-shirt,Apparel,106010.77505557843,2429.0,2.5750017261E8
S147,I545293,U.s. Polo T-shirt,Apparel,106010.77505557843,2429.0,2.5750017261E8
S138,I545293,U.s. Polo T-shirt,Apparel,106010.77505557843,2429.0,2.5750017261E8
S100,I545293,U.s. Polo T-shirt,Apparel,106010.77505557843,2429.0,2.5750017261E8
S122,I545293,U.s. Polo T-shirt,Apparel,106010.77505557843,2429.0,2.5750017261E8
S133,I545293,U.s. Polo T-shirt,Apparel,106010.77505557843,2429.0,2.5750017261E8
S123,I545293,U.s. Polo T-shirt,Apparel,106010.77505557843,2429.0,2.5750017261E8
S144,I545293,U.s. Polo T-shirt,Apparel,106010.77505557843,2429.0,2.5750017261E8
S137,I545293,U.s. Polo T-shirt,Apparel,106010.77505557843,2429.0,2.5750017261E8
S117,I545293,U.s. Polo T-shirt,Apparel,106010.77505557843,2429.0,2.5750017261E8
S134,I545293,U.s. Polo T-shirt,Apparel,106010.77505557843,2429.0,2.5750017261E8
S130,I545293,U.s. Polo T-shirt,Apparel,106010.77505557843,2429.0,2.5750017261E8
S121,I545293,U.s. Polo T-shirt,Apparel,106010.77505557843,2429.0,2.5750017261E8
S114,I545293,U.s. Polo T-shirt,Apparel,106010.77505557843,2429.0,2.5750017261E8
S124,I545293,U.s. Polo T-shirt,Apparel,106010.77505557843,2429.0,2.5750017261E8
S111,I545293,U.s. Polo T-shirt,Apparel,106010.77505557843,2429.0,2.5750017261E8
S128,I545293,U.s. Polo T-shirt,Apparel,106010.77505557843,2429.0,2.5750017261E8
S116,I545293,U.s. Polo T-shirt,Apparel,106010.77505557843,2429.0,2.5750017261E8
S142,I545293,U.s. Polo T-shirt,Apparel,106010.77505557843,2429.0,2.5750017261E8
S132,I545293,U.s. Polo T-shirt,Apparel,106010.77505557843,2429.0,2.5750017261E8
S139,I545293,U.s. Polo T-shirt,Apparel,106010.77505557843,2429.0,2.5750017261E8
S141,I545293,U.s. Polo T-shirt,Apparel,106010.77505557843,2429.0,2.5750017261E8
S140,I545293,U.s. Polo T-shirt,Apparel,106010.77505557843,2429.0,2.5750017261E8
S149,I546309,Lg 7kg Washing Machine,Home Appliances,19.99,2000.0,39980.0
S105,I546309,Lg 7kg Washing Machine,Home Appliances,19.99,2000.0,39980.0
S148,I546309,Lg 7kg Washing Machine,Home Appliances,19.99,2000.0,39980.0
S106,I546309,Lg 7kg Washing Machine,Home Appliances,19.99,2000.0,39980.0
S102,I546309,Lg 7kg Washing Machine,Home Appliances,19.99,2000.0,39980.0
S104,I546309,Lg 7kg Washing Machine,Home Appliances,19.99,2000.0,39980.0
S120,I546309,Lg 7kg Washing Machine,Home Appliances,19.99,2000.0,39980.0
S143,I546309,Lg 7kg Washing Machine,Home Appliances,19.99,2000.0,39980.0
S119,I546309,Lg 7kg Washing Machine,Home Appliances,19.99,2000.0,39980.0
S145,I546309,Lg 7kg Washing Machine,Home Appliances,19.99,2000.0,39980.0
S136,I546309,Lg 7kg Washing Machine,Home Appliances,19.99,2000.0,39980.0
S115,I546309,Lg 7kg Washing Machine,Home Appliances,19.99,2000.0,39980.0
S107,I546309,Lg 7kg Washing Machine,Home Appliances,19.99,2000.0,39980.0
S110,I546309,Lg 7kg Washing Machine,Home Appliances,19.99,2000.0,39980.0
S118,I546309,Lg 7kg Washing Machine,Home Appliances,19.99,2000.0,39980.0
S101,I546309,Lg 7kg Washing Machine,Home Appliances,19.99,2000.0,39980.0
S129,I546309,Lg 7kg Washing Machine,Home Appliances,19.99,2000.0,39980.0
S126,I546309,Lg 7kg Washing Machine,Home Appliances,19.99,2000.0,39980.0
S135,I546309,Lg 7kg Washing Machine,Home Appliances,19.99,2000.0,39980.0
S131,I546309,Lg 7kg Washing Machine,Home Appliances,19.99,2000.0,39980.0
S125,I546309,Lg 7kg Washing Machine,Home Appliances,19.99,2000.0,39980.0
S108,I546309,Lg 7kg Washing Machine,Home Appliances,19.99,2000.0,39980.0
S109,I546309,Lg 7kg Washing Machine,Home Appliances,19.99,2000.0,39980.0
S146,I546309,Lg 7kg Washing Machine,Home Appliances,19.99,2000.0,39980.0
S112,I546309,Lg 7kg Washing Machine,Home Appliances,19.99,2000.0,39980.0
S150,I546309,Lg 7kg Washing Machine,Home Appliances,19.99,2000.0,39980.0
S103,I546309,Lg 7kg Washing Machine,Home Appliances,19.99,2000.0,39980.0
S113,I546309,Lg 7kg Washing Machine,Home Appliances,19.99,2000.0,39980.0
S147,I546309,Lg 7kg Washing Machine,Home Appliances,19.99,2000.0,39980.0
S138,I546309,Lg 7kg Washing Machine,Home Appliances,19.99,2000.0,39980.0
S100,I546309,Lg 7kg Washing Machine,Home Appliances,19.99,2000.0,39980.0
S122,I546309,Lg 7kg Washing Machine,Home Appliances,19.99,2000.0,39980.0
S133,I546309,Lg 7kg Washing Machine,Home Appliances,19.99,2000.0,39980.0
S123,I546309,Lg 7kg Washing Machine,Home Appliances,19.99,2000.0,39980.0
S137,I546309,Lg 7kg Washing Machine,Home Appliances,19.99,2000.0,39980.0
S117,I546309,Lg 7kg Washing Machine,Home Appliances,19.99,2000.0,39980.0
S134,I546309,Lg 7kg Washing Machine,Home Appliances,19.99,2000.0,39980.0
S130,I546309,Lg 7kg Washing Machine,Home Appliances,19.99,2000.0,39980.0
S121,I546309,Lg 7kg Washing Machine,Home Appliances,19.99,2000.0,39980.0
S114,I546309,Lg 7kg Washing Machine,Home Appliances,19.99,2000.0,39980.0
S124,I546309,Lg 7kg Washing Machine,Home Appliances,19.99,2000.0,39980.0
S111,I546309,Lg 7kg Washing Machine,Home Appliances,19.99,2000.0,39980.0
S128,I546309,Lg 7kg Washing Machine,Home Appliances,19.99,2000.0,39980.0
S116,I546309,Lg 7kg Washing Machine,Home Appliances,19.99,2000.0,39980.0
S142,I546309,Lg 7kg Washing Machine,Home Appliances,19.99,2000.0,39980.0
S132,I546309,Lg 7kg Washing Machine,Home Appliances,19.99,2000.0,39980.0
S139,I546309,Lg 7kg Washing Machine,Home Appliances,19.99,2000.0,39980.0
S127,I546309,Lg 7kg Washing Machine,Home Appliances,19.99,2000.0,39980.0
S141,I546309,Lg 7kg Washing Machine,Home Appliances,19.99,2000.0,39980.0
S140,I546309,Lg 7kg Washing Machine,Home Appliances,19.99,2000.0,39980.0
S149,I569103,Zara Maxi Dress,Apparel,105166.93834666668,3000.0,3.1550081504E8
S105,I569103,Zara Maxi Dress,Apparel,105166.93834666668,3000.0,3.1550081504E8
S148,I569103,Zara Maxi Dress,Apparel,105166.93834666668,3000.0,3.1550081504E8
S106,I569103,Zara Maxi Dress,Apparel,105166.93834666668,3000.0,3.1550081504E8
S102,I569103,Zara Maxi Dress,Apparel,105166.93834666668,3000.0,3.1550081504E8
S104,I569103,Zara Maxi Dress,Apparel,105166.93834666668,3000.0,3.1550081504E8
S120,I569103,Zara Maxi Dress,Apparel,105166.93834666668,3000.0,3.1550081504E8
S143,I569103,Zara Maxi Dress,Apparel,105166.93834666668,3000.0,3.1550081504E8
S119,I569103,Zara Maxi Dress,Apparel,105166.93834666668,3000.0,3.1550081504E8
S145,I569103,Zara Maxi Dress,Apparel,105166.93834666668,3000.0,3.1550081504E8
S136,I569103,Zara Maxi Dress,Apparel,105166.93834666668,3000.0,3.1550081504E8
S115,I569103,Zara Maxi Dress,Apparel,105166.93834666668,3000.0,3.1550081504E8
S107,I569103,Zara Maxi Dress,Apparel,105166.93834666668,3000.0,3.1550081504E8
S110,I569103,Zara Maxi Dress,Apparel,105166.93834666668,3000.0,3.1550081504E8
S118,I569103,Zara Maxi Dress,Apparel,105166.93834666668,3000.0,3.1550081504E8
S101,I569103,Zara Maxi Dress,Apparel,105166.93834666668,3000.0,3.1550081504E8
S129,I569103,Zara Maxi Dress,Apparel,105166.93834666668,3000.0,3.1550081504E8
S126,I569103,Zara Maxi Dress,Apparel,105166.93834666668,3000.0,3.1550081504E8
S135,I569103,Zara Maxi Dress,Apparel,105166.93834666668,3000.0,3.1550081504E8
S125,I569103,Zara Maxi Dress,Apparel,105166.93834666668,3000.0,3.1550081504E8
S108,I569103,Zara Maxi Dress,Apparel,105166.93834666668,3000.0,3.1550081504E8
S109,I569103,Zara Maxi Dress,Apparel,105166.93834666668,3000.0,3.1550081504E8
S146,I569103,Zara Maxi Dress,Apparel,105166.93834666668,3000.0,3.1550081504E8
S112,I569103,Zara Maxi Dress,Apparel,105166.93834666668,3000.0,3.1550081504E8
S150,I569103,Zara Maxi Dress,Apparel,105166.93834666668,3000.0,3.1550081504E8
S103,I569103,Zara Maxi Dress,Apparel,105166.93834666668,3000.0,3.1550081504E8
S113,I569103,Zara Maxi Dress,Apparel,105166.93834666668,3000.0,3.1550081504E8
S147,I569103,Zara Maxi Dress,Apparel,105166.93834666668,3000.0,3.1550081504E8
S138,I569103,Zara Maxi Dress,Apparel,105166.93834666668,3000.0,3.1550081504E8
S100,I569103,Zara Maxi Dress,Apparel,105166.93834666668,3000.0,3.1550081504E8
S122,I569103,Zara Maxi Dress,Apparel,105166.93834666668,3000.0,3.1550081504E8
S133,I569103,Zara Maxi Dress,Apparel,105166.93834666668,3000.0,3.1550081504E8
S123,I569103,Zara Maxi Dress,Apparel,105166.93834666668,3000.0,3.1550081504E8
S144,I569103,Zara Maxi Dress,Apparel,105166.93834666668,3000.0,3.1550081504E8
S137,I569103,Zara Maxi Dress,Apparel,105166.93834666668,3000.0,3.1550081504E8
S117,I569103,Zara Maxi Dress,Apparel,105166.93834666668,3000.0,3.1550081504E8
S134,I569103,Zara Maxi Dress,Apparel,105166.93834666668,3000.0,3.1550081504E8
S130,I569103,Zara Maxi Dress,Apparel,105166.93834666668,3000.0,3.1550081504E8
S121,I569103,Zara Maxi Dress,Apparel,105166.93834666668,3000.0,3.1550081504E8
S114,I569103,Zara Maxi Dress,Apparel,105166.93834666668,3000.0,3.1550081504E8
S124,I569103,Zara Maxi Dress,Apparel,105166.93834666668,3000.0,3.1550081504E8
S111,I569103,Zara Maxi Dress,Apparel,105166.93834666668,3000.0,3.1550081504E8
S128,I569103,Zara Maxi Dress,Apparel,105166.93834666668,3000.0,3.1550081504E8
S116,I569103,Zara Maxi Dress,Apparel,105166.93834666668,3000.0,3.1550081504E8
S142,I569103,Zara Maxi Dress,Apparel,105166.93834666668,3000.0,3.1550081504E8
S132,I569103,Zara Maxi Dress,Apparel,105166.93834666668,3000.0,3.1550081504E8
S139,I569103,Zara Maxi Dress,Apparel,105166.93834666668,3000.0,3.1550081504E8
S127,I569103,Zara Maxi Dress,Apparel,105166.93834666668,3000.0,3.1550081504E8
S141,I569103,Zara Maxi Dress,Apparel,105166.93834666668,3000.0,3.1550081504E8
S140,I569103,Zara Maxi Dress,Apparel,105166.93834666668,3000.0,3.1550081504E8
S149,I571564,Dell Xps 13 Laptop,Electronics,104869.31596666666,3000.0,3.146079479E8
S105,I571564,Dell Xps 13 Laptop,Electronics,104869.31596666666,3000.0,3.146079479E8
S148,I571564,Dell Xps 13 Laptop,Electronics,104869.31596666666,3000.0,3.146079479E8
S106,I571564,Dell Xps 13 Laptop,Electronics,104869.31596666666,3000.0,3.146079479E8
S102,I571564,Dell Xps 13 Laptop,Electronics,104869.31596666666,3000.0,3.146079479E8
S104,I571564,Dell Xps 13 Laptop,Electronics,104869.31596666666,3000.0,3.146079479E8
S120,I571564,Dell Xps 13 Laptop,Electronics,104869.31596666666,3000.0,3.146079479E8
S143,I571564,Dell Xps 13 Laptop,Electronics,104869.31596666666,3000.0,3.146079479E8
S119,I571564,Dell Xps 13 Laptop,Electronics,104869.31596666666,3000.0,3.146079479E8
S145,I571564,Dell Xps 13 Laptop,Electronics,104869.31596666666,3000.0,3.146079479E8
S136,I571564,Dell Xps 13 Laptop,Electronics,104869.31596666666,3000.0,3.146079479E8
S115,I571564,Dell Xps 13 Laptop,Electronics,104869.31596666666,3000.0,3.146079479E8
S107,I571564,Dell Xps 13 Laptop,Electronics,104869.31596666666,3000.0,3.146079479E8
S110,I571564,Dell Xps 13 Laptop,Electronics,104869.31596666666,3000.0,3.146079479E8
S118,I571564,Dell Xps 13 Laptop,Electronics,104869.31596666666,3000.0,3.146079479E8
S101,I571564,Dell Xps 13 Laptop,Electronics,104869.31596666666,3000.0,3.146079479E8
S129,I571564,Dell Xps 13 Laptop,Electronics,104869.31596666666,3000.0,3.146079479E8
S126,I571564,Dell Xps 13 Laptop,Electronics,104869.31596666666,3000.0,3.146079479E8
S131,I571564,Dell Xps 13 Laptop,Electronics,104869.31596666666,3000.0,3.146079479E8
S125,I571564,Dell Xps 13 Laptop,Electronics,104869.31596666666,3000.0,3.146079479E8
S108,I571564,Dell Xps 13 Laptop,Electronics,104869.31596666666,3000.0,3.146079479E8
S109,I571564,Dell Xps 13 Laptop,Electronics,104869.31596666666,3000.0,3.146079479E8
S146,I571564,Dell Xps 13 Laptop,Electronics,104869.31596666666,3000.0,3.146079479E8
S112,I571564,Dell Xps 13 Laptop,Electronics,104869.31596666666,3000.0,3.146079479E8
S150,I571564,Dell Xps 13 Laptop,Electronics,104869.31596666666,3000.0,3.146079479E8
S103,I571564,Dell Xps 13 Laptop,Electronics,104869.31596666666,3000.0,3.146079479E8
S113,I571564,Dell Xps 13 Laptop,Electronics,104869.31596666666,3000.0,3.146079479E8
S147,I571564,Dell Xps 13 Laptop,Electronics,104869.31596666666,3000.0,3.146079479E8
S138,I571564,Dell Xps 13 Laptop,Electronics,104869.31596666666,3000.0,3.146079479E8
S100,I571564,Dell Xps 13 Laptop,Electronics,104869.31596666666,3000.0,3.146079479E8
S122,I571564,Dell Xps 13 Laptop,Electronics,104869.31596666666,3000.0,3.146079479E8
S133,I571564,Dell Xps 13 Laptop,Electronics,104869.31596666666,3000.0,3.146079479E8
S123,I571564,Dell Xps 13 Laptop,Electronics,104869.31596666666,3000.0,3.146079479E8
S144,I571564,Dell Xps 13 Laptop,Electronics,104869.31596666666,3000.0,3.146079479E8
S137,I571564,Dell Xps 13 Laptop,Electronics,104869.31596666666,3000.0,3.146079479E8
S117,I571564,Dell Xps 13 Laptop,Electronics,104869.31596666666,3000.0,3.146079479E8
S134,I571564,Dell Xps 13 Laptop,Electronics,104869.31596666666,3000.0,3.146079479E8
S130,I571564,Dell Xps 13 Laptop,Electronics,104869.31596666666,3000.0,3.146079479E8
S121,I571564,Dell Xps 13 Laptop,Electronics,104869.31596666666,3000.0,3.146079479E8
S114,I571564,Dell Xps 13 Laptop,Electronics,104869.31596666666,3000.0,3.146079479E8
S124,I571564,Dell Xps 13 Laptop,Electronics,104869.31596666666,3000.0,3.146079479E8
S111,I571564,Dell Xps 13 Laptop,Electronics,104869.31596666666,3000.0,3.146079479E8
S128,I571564,Dell Xps 13 Laptop,Electronics,104869.31596666666,3000.0,3.146079479E8
S116,I571564,Dell Xps 13 Laptop,Electronics,104869.31596666666,3000.0,3.146079479E8
S142,I571564,Dell Xps 13 Laptop,Electronics,104869.31596666666,3000.0,3.146079479E8
S132,I571564,Dell Xps 13 Laptop,Electronics,104869.31596666666,3000.0,3.146079479E8
S139,I571564,Dell Xps 13 Laptop,Electronics,104869.31596666666,3000.0,3.146079479E8
S127,I571564,Dell Xps 13 Laptop,Electronics,104869.31596666666,3000.0,3.146079479E8
S141,I571564,Dell Xps 13 Laptop,Electronics,104869.31596666666,3000.0,3.146079479E8
S140,I571564,Dell Xps 13 Laptop,Electronics,104869.31596666666,3000.0,3.146079479E8
S149,I577541,Philips Air Fryer,Home Appliances,52171.522086666664,3000.0,1.5651456626E8
S105,I577541,Philips Air Fryer,Home Appliances,52171.522086666664,3000.0,1.5651456626E8
S148,I577541,Philips Air Fryer,Home Appliances,52171.522086666664,3000.0,1.5651456626E8
S106,I577541,Philips Air Fryer,Home Appliances,52171.522086666664,3000.0,1.5651456626E8
S102,I577541,Philips Air Fryer,Home Appliances,52171.522086666664,3000.0,1.5651456626E8
S104,I577541,Philips Air Fryer,Home Appliances,52171.522086666664,3000.0,1.5651456626E8
S120,I577541,Philips Air Fryer,Home Appliances,52171.522086666664,3000.0,1.5651456626E8
S143,I577541,Philips Air Fryer,Home Appliances,52171.522086666664,3000.0,1.5651456626E8
S119,I577541,Philips Air Fryer,Home Appliances,52171.522086666664,3000.0,1.5651456626E8
S145,I577541,Philips Air Fryer,Home Appliances,52171.522086666664,3000.0,1.5651456626E8
S136,I577541,Philips Air Fryer,Home Appliances,52171.522086666664,3000.0,1.5651456626E8
S115,I577541,Philips Air Fryer,Home Appliances,52171.522086666664,3000.0,1.5651456626E8
S107,I577541,Philips Air Fryer,Home Appliances,52171.522086666664,3000.0,1.5651456626E8
S110,I577541,Philips Air Fryer,Home Appliances,52171.522086666664,3000.0,1.5651456626E8
S118,I577541,Philips Air Fryer,Home Appliances,52171.522086666664,3000.0,1.5651456626E8
S101,I577541,Philips Air Fryer,Home Appliances,52171.522086666664,3000.0,1.5651456626E8
S129,I577541,Philips Air Fryer,Home Appliances,52171.522086666664,3000.0,1.5651456626E8
S126,I577541,Philips Air Fryer,Home Appliances,52171.522086666664,3000.0,1.5651456626E8
S135,I577541,Philips Air Fryer,Home Appliances,52171.522086666664,3000.0,1.5651456626E8
S131,I577541,Philips Air Fryer,Home Appliances,52171.522086666664,3000.0,1.5651456626E8
S125,I577541,Philips Air Fryer,Home Appliances,52171.522086666664,3000.0,1.5651456626E8
S108,I577541,Philips Air Fryer,Home Appliances,52171.522086666664,3000.0,1.5651456626E8
S109,I577541,Philips Air Fryer,Home Appliances,52171.522086666664,3000.0,1.5651456626E8
S146,I577541,Philips Air Fryer,Home Appliances,52171.522086666664,3000.0,1.5651456626E8
S112,I577541,Philips Air Fryer,Home Appliances,52171.522086666664,3000.0,1.5651456626E8
S150,I577541,Philips Air Fryer,Home Appliances,52171.522086666664,3000.0,1.5651456626E8
S103,I577541,Philips Air Fryer,Home Appliances,52171.522086666664,3000.0,1.5651456626E8
S113,I577541,Philips Air Fryer,Home Appliances,52171.522086666664,3000.0,1.5651456626E8
S147,I577541,Philips Air Fryer,Home Appliances,52171.522086666664,3000.0,1.5651456626E8
S138,I577541,Philips Air Fryer,Home Appliances,52171.522086666664,3000.0,1.5651456626E8
S100,I577541,Philips Air Fryer,Home Appliances,52171.522086666664,3000.0,1.5651456626E8
S133,I577541,Philips Air Fryer,Home Appliances,52171.522086666664,3000.0,1.5651456626E8
S123,I577541,Philips Air Fryer,Home Appliances,52171.522086666664,3000.0,1.5651456626E8
S144,I577541,Philips Air Fryer,Home Appliances,52171.522086666664,3000.0,1.5651456626E8
S137,I577541,Philips Air Fryer,Home Appliances,52171.522086666664,3000.0,1.5651456626E8
S117,I577541,Philips Air Fryer,Home Appliances,52171.522086666664,3000.0,1.5651456626E8
S134,I577541,Philips Air Fryer,Home Appliances,52171.522086666664,3000.0,1.5651456626E8
S130,I577541,Philips Air Fryer,Home Appliances,52171.522086666664,3000.0,1.5651456626E8
S121,I577541,Philips Air Fryer,Home Appliances,52171.522086666664,3000.0,1.5651456626E8
S114,I577541,Philips Air Fryer,Home Appliances,52171.522086666664,3000.0,1.5651456626E8
S124,I577541,Philips Air Fryer,Home Appliances,52171.522086666664,3000.0,1.5651456626E8
S111,I577541,Philips Air Fryer,Home Appliances,52171.522086666664,3000.0,1.5651456626E8
S128,I577541,Philips Air Fryer,Home Appliances,52171.522086666664,3000.0,1.5651456626E8
S116,I577541,Philips Air Fryer,Home Appliances,52171.522086666664,3000.0,1.5651456626E8
S142,I577541,Philips Air Fryer,Home Appliances,52171.522086666664,3000.0,1.5651456626E8
S132,I577541,Philips Air Fryer,Home Appliances,52171.522086666664,3000.0,1.5651456626E8
S139,I577541,Philips Air Fryer,Home Appliances,52171.522086666664,3000.0,1.5651456626E8
S127,I577541,Philips Air Fryer,Home Appliances,52171.522086666664,3000.0,1.5651456626E8
S141,I577541,Philips Air Fryer,Home Appliances,52171.522086666664,3000.0,1.5651456626E8
S140,I577541,Philips Air Fryer,Home Appliances,52171.522086666664,3000.0,1.5651456626E8
S149,I615739,Lg 7kg Washing Machine,Home Appliances,126621.96646258504,441.0,5.584028721E7
S105,I615739,Lg 7kg Washing Machine,Home Appliances,126621.96646258504,441.0,5.584028721E7
S148,I615739,Lg 7kg Washing Machine,Home Appliances,126621.96646258504,441.0,5.584028721E7
S106,I615739,Lg 7kg Washing Machine,Home Appliances,126621.96646258504,441.0,5.584028721E7
S102,I615739,Lg 7kg Washing Machine,Home Appliances,126621.96646258504,441.0,5.584028721E7
S104,I615739,Lg 7kg Washing Machine,Home Appliances,126621.96646258504,441.0,5.584028721E7
S120,I615739,Lg 7kg Washing Machine,Home Appliances,126621.96646258504,441.0,5.584028721E7
S143,I615739,Lg 7kg Washing Machine,Home Appliances,126621.96646258504,441.0,5.584028721E7
S119,I615739,Lg 7kg Washing Machine,Home Appliances,126621.96646258504,441.0,5.584028721E7
S136,I615739,Lg 7kg Washing Machine,Home Appliances,126621.96646258504,441.0,5.584028721E7
S115,I615739,Lg 7kg Washing Machine,Home Appliances,126621.96646258504,441.0,5.584028721E7
S107,I615739,Lg 7kg Washing Machine,Home Appliances,126621.96646258504,441.0,5.584028721E7
S110,I615739,Lg 7kg Washing Machine,Home Appliances,126621.96646258504,441.0,5.584028721E7
S118,I615739,Lg 7kg Washing Machine,Home Appliances,126621.96646258504,441.0,5.584028721E7
S101,I615739,Lg 7kg Washing Machine,Home Appliances,126621.96646258504,441.0,5.584028721E7
S129,I615739,Lg 7kg Washing Machine,Home Appliances,126621.96646258504,441.0,5.584028721E7
S126,I615739,Lg 7kg Washing Machine,Home Appliances,126621.96646258504,441.0,5.584028721E7
S135,I615739,Lg 7kg Washing Machine,Home Appliances,126621.96646258504,441.0,5.584028721E7
S131,I615739,Lg 7kg Washing Machine,Home Appliances,126621.96646258504,441.0,5.584028721E7
S125,I615739,Lg 7kg Washing Machine,Home Appliances,126621.96646258504,441.0,5.584028721E7
S108,I615739,Lg 7kg Washing Machine,Home Appliances,126621.96646258504,441.0,5.584028721E7
S109,I615739,Lg 7kg Washing Machine,Home Appliances,126621.96646258504,441.0,5.584028721E7
S146,I615739,Lg 7kg Washing Machine,Home Appliances,126621.96646258504,441.0,5.584028721E7
S112,I615739,Lg 7kg Washing Machine,Home Appliances,126621.96646258504,441.0,5.584028721E7
S150,I615739,Lg 7kg Washing Machine,Home Appliances,126621.96646258504,441.0,5.584028721E7
S103,I615739,Lg 7kg Washing Machine,Home Appliances,126621.96646258504,441.0,5.584028721E7
S113,I615739,Lg 7kg Washing Machine,Home Appliances,126621.96646258504,441.0,5.584028721E7
S147,I615739,Lg 7kg Washing Machine,Home Appliances,126621.96646258504,441.0,5.584028721E7
S138,I615739,Lg 7kg Washing Machine,Home Appliances,126621.96646258504,441.0,5.584028721E7
S100,I615739,Lg 7kg Washing Machine,Home Appliances,126621.96646258504,441.0,5.584028721E7
S122,I615739,Lg 7kg Washing Machine,Home Appliances,126621.96646258504,441.0,5.584028721E7
S133,I615739,Lg 7kg Washing Machine,Home Appliances,126621.96646258504,441.0,5.584028721E7
S123,I615739,Lg 7kg Washing Machine,Home Appliances,126621.96646258504,441.0,5.584028721E7
S144,I615739,Lg 7kg Washing Machine,Home Appliances,126621.96646258504,441.0,5.584028721E7
S137,I615739,Lg 7kg Washing Machine,Home Appliances,126621.96646258504,441.0,5.584028721E7
S117,I615739,Lg 7kg Washing Machine,Home Appliances,126621.96646258504,441.0,5.584028721E7
S134,I615739,Lg 7kg Washing Machine,Home Appliances,126621.96646258504,441.0,5.584028721E7
S130,I615739,Lg 7kg Washing Machine,Home Appliances,126621.96646258504,441.0,5.584028721E7
S121,I615739,Lg 7kg Washing Machine,Home Appliances,126621.96646258504,441.0,5.584028721E7
S114,I615739,Lg 7kg Washing Machine,Home Appliances,126621.96646258504,441.0,5.584028721E7
S124,I615739,Lg 7kg Washing Machine,Home Appliances,126621.96646258504,441.0,5.584028721E7
S111,I615739,Lg 7kg Washing Machine,Home Appliances,126621.96646258504,441.0,5.584028721E7
S128,I615739,Lg 7kg Washing Machine,Home Appliances,126621.96646258504,441.0,5.584028721E7
S116,I615739,Lg 7kg Washing Machine,Home Appliances,126621.96646258504,441.0,5.584028721E7
S142,I615739,Lg 7kg Washing Machine,Home Appliances,126621.96646258504,441.0,5.584028721E7
S132,I615739,Lg 7kg Washing Machine,Home Appliances,126621.96646258504,441.0,5.584028721E7
S139,I615739,Lg 7kg Washing Machine,Home Appliances,126621.96646258504,441.0,5.584028721E7
S127,I615739,Lg 7kg Washing Machine,Home Appliances,126621.96646258504,441.0,5.584028721E7
S141,I615739,Lg 7kg Washing Machine,Home Appliances,126621.96646258504,441.0,5.584028721E7
S140,I615739,Lg 7kg Washing Machine,Home Appliances,126621.96646258504,441.0,5.584028721E7
S149,I621011,U.s. Polo T-shirt,Apparel,143313.47904036558,1313.0,1.8817059798000002E8
S105,I621011,U.s. Polo T-shirt,Apparel,143313.47904036558,1313.0,1.8817059798000002E8
S148,I621011,U.s. Polo T-shirt,Apparel,143313.47904036558,1313.0,1.8817059798000002E8
S106,I621011,U.s. Polo T-shirt,Apparel,143313.47904036558,1313.0,1.8817059798000002E8
S102,I621011,U.s. Polo T-shirt,Apparel,143313.47904036558,1313.0,1.8817059798000002E8
S104,I621011,U.s. Polo T-shirt,Apparel,143313.47904036558,1313.0,1.8817059798000002E8
S120,I621011,U.s. Polo T-shirt,Apparel,143313.47904036558,1313.0,1.8817059798000002E8
S143,I621011,U.s. Polo T-shirt,Apparel,143313.47904036558,1313.0,1.8817059798000002E8
S119,I621011,U.s. Polo T-shirt,Apparel,143313.47904036558,1313.0,1.8817059798000002E8
S145,I621011,U.s. Polo T-shirt,Apparel,143313.47904036558,1313.0,1.8817059798000002E8
S136,I621011,U.s. Polo T-shirt,Apparel,143313.47904036558,1313.0,1.8817059798000002E8
S115,I621011,U.s. Polo T-shirt,Apparel,143313.47904036558,1313.0,1.8817059798000002E8
S107,I621011,U.s. Polo T-shirt,Apparel,143313.47904036558,1313.0,1.8817059798000002E8
S110,I621011,U.s. Polo T-shirt,Apparel,143313.47904036558,1313.0,1.8817059798000002E8
S118,I621011,U.s. Polo T-shirt,Apparel,143313.47904036558,1313.0,1.8817059798000002E8
S101,I621011,U.s. Polo T-shirt,Apparel,143313.47904036558,1313.0,1.8817059798000002E8
S129,I621011,U.s. Polo T-shirt,Apparel,143313.47904036558,1313.0,1.8817059798000002E8
S126,I621011,U.s. Polo T-shirt,Apparel,143313.47904036558,1313.0,1.8817059798000002E8
S135,I621011,U.s. Polo T-shirt,Apparel,143313.47904036558,1313.0,1.8817059798000002E8
S131,I621011,U.s. Polo T-shirt,Apparel,143313.47904036558,1313.0,1.8817059798000002E8
S125,I621011,U.s. Polo T-shirt,Apparel,143313.47904036558,1313.0,1.8817059798000002E8
S108,I621011,U.s. Polo T-shirt,Apparel,143313.47904036558,1313.0,1.8817059798000002E8
S146,I621011,U.s. Polo T-shirt,Apparel,143313.47904036558,1313.0,1.8817059798000002E8
S112,I621011,U.s. Polo T-shirt,Apparel,143313.47904036558,1313.0,1.8817059798000002E8
S150,I621011,U.s. Polo T-shirt,Apparel,143313.47904036558,1313.0,1.8817059798000002E8
S103,I621011,U.s. Polo T-shirt,Apparel,143313.47904036558,1313.0,1.8817059798000002E8
S113,I621011,U.s. Polo T-shirt,Apparel,143313.47904036558,1313.0,1.8817059798000002E8
S147,I621011,U.s. Polo T-shirt,Apparel,143313.47904036558,1313.0,1.8817059798000002E8
S138,I621011,U.s. Polo T-shirt,Apparel,143313.47904036558,1313.0,1.8817059798000002E8
S100,I621011,U.s. Polo T-shirt,Apparel,143313.47904036558,1313.0,1.8817059798000002E8
S122,I621011,U.s. Polo T-shirt,Apparel,143313.47904036558,1313.0,1.8817059798000002E8
S133,I621011,U.s. Polo T-shirt,Apparel,143313.47904036558,1313.0,1.8817059798000002E8
S123,I621011,U.s. Polo T-shirt,Apparel,143313.47904036558,1313.0,1.8817059798000002E8
S144,I621011,U.s. Polo T-shirt,Apparel,143313.47904036558,1313.0,1.8817059798000002E8
S137,I621011,U.s. Polo T-shirt,Apparel,143313.47904036558,1313.0,1.8817059798000002E8
S117,I621011,U.s. Polo T-shirt,Apparel,143313.47904036558,1313.0,1.8817059798000002E8
S134,I621011,U.s. Polo T-shirt,Apparel,143313.47904036558,1313.0,1.8817059798000002E8
S130,I621011,U.s. Polo T-shirt,Apparel,143313.47904036558,1313.0,1.8817059798000002E8
S121,I621011,U.s. Polo T-shirt,Apparel,143313.47904036558,1313.0,1.8817059798000002E8
S114,I621011,U.s. Polo T-shirt,Apparel,143313.47904036558,1313.0,1.8817059798000002E8
S124,I621011,U.s. Polo T-shirt,Apparel,143313.47904036558,1313.0,1.8817059798000002E8
S111,I621011,U.s. Polo T-shirt,Apparel,143313.47904036558,1313.0,1.8817059798000002E8
S128,I621011,U.s. Polo T-shirt,Apparel,143313.47904036558,1313.0,1.8817059798000002E8
S116,I621011,U.s. Polo T-shirt,Apparel,143313.47904036558,1313.0,1.8817059798000002E8
S142,I621011,U.s. Polo T-shirt,Apparel,143313.47904036558,1313.0,1.8817059798000002E8
S132,I621011,U.s. Polo T-shirt,Apparel,143313.47904036558,1313.0,1.8817059798000002E8
S139,I621011,U.s. Polo T-shirt,Apparel,143313.47904036558,1313.0,1.8817059798000002E8
S127,I621011,U.s. Polo T-shirt,Apparel,143313.47904036558,1313.0,1.8817059798000002E8
S141,I621011,U.s. Polo T-shirt,Apparel,143313.47904036558,1313.0,1.8817059798000002E8
S140,I621011,U.s. Polo T-shirt,Apparel,143313.47904036558,1313.0,1.8817059798000002E8
S149,I629444,U.s. Polo T-shirt,Apparel,146684.57754,3000.0,4.4005373262E8
S105,I629444,U.s. Polo T-shirt,Apparel,146684.57754,3000.0,4.4005373262E8
S106,I629444,U.s. Polo T-shirt,Apparel,146684.57754,3000.0,4.4005373262E8
S102,I629444,U.s. Polo T-shirt,Apparel,146684.57754,3000.0,4.4005373262E8
S104,I629444,U.s. Polo T-shirt,Apparel,146684.57754,3000.0,4.4005373262E8
S120,I629444,U.s. Polo T-shirt,Apparel,146684.57754,3000.0,4.4005373262E8
S143,I629444,U.s. Polo T-shirt,Apparel,146684.57754,3000.0,4.4005373262E8
S119,I629444,U.s. Polo T-shirt,Apparel,146684.57754,3000.0,4.4005373262E8
S145,I629444,U.s. Polo T-shirt,Apparel,146684.57754,3000.0,4.4005373262E8
S136,I629444,U.s. Polo T-shirt,Apparel,146684.57754,3000.0,4.4005373262E8
S115,I629444,U.s. Polo T-shirt,Apparel,146684.57754,3000.0,4.4005373262E8
S107,I629444,U.s. Polo T-shirt,Apparel,146684.57754,3000.0,4.4005373262E8
S110,I629444,U.s. Polo T-shirt,Apparel,146684.57754,3000.0,4.4005373262E8
S118,I629444,U.s. Polo T-shirt,Apparel,146684.57754,3000.0,4.4005373262E8
S101,I629444,U.s. Polo T-shirt,Apparel,146684.57754,3000.0,4.4005373262E8
S129,I629444,U.s. Polo T-shirt,Apparel,146684.57754,3000.0,4.4005373262E8
S126,I629444,U.s. Polo T-shirt,Apparel,146684.57754,3000.0,4.4005373262E8
S135,I629444,U.s. Polo T-shirt,Apparel,146684.57754,3000.0,4.4005373262E8
S131,I629444,U.s. Polo T-shirt,Apparel,146684.57754,3000.0,4.4005373262E8
S125,I629444,U.s. Polo T-shirt,Apparel,146684.57754,3000.0,4.4005373262E8
S108,I629444,U.s. Polo T-shirt,Apparel,146684.57754,3000.0,4.4005373262E8
S109,I629444,U.s. Polo T-shirt,Apparel,146684.57754,3000.0,4.4005373262E8
S146,I629444,U.s. Polo T-shirt,Apparel,146684.57754,3000.0,4.4005373262E8
S112,I629444,U.s. Polo T-shirt,Apparel,146684.57754,3000.0,4.4005373262E8
S150,I629444,U.s. Polo T-shirt,Apparel,146684.57754,3000.0,4.4005373262E8
S103,I629444,U.s. Polo T-shirt,Apparel,146684.57754,3000.0,4.4005373262E8
S113,I629444,U.s. Polo T-shirt,Apparel,146684.57754,3000.0,4.4005373262E8
S147,I629444,U.s. Polo T-shirt,Apparel,146684.57754,3000.0,4.4005373262E8
S138,I629444,U.s. Polo T-shirt,Apparel,146684.57754,3000.0,4.4005373262E8
S100,I629444,U.s. Polo T-shirt,Apparel,146684.57754,3000.0,4.4005373262E8
S122,I629444,U.s. Polo T-shirt,Apparel,146684.57754,3000.0,4.4005373262E8
S133,I629444,U.s. Polo T-shirt,Apparel,146684.57754,3000.0,4.4005373262E8
S123,I629444,U.s. Polo T-shirt,Apparel,146684.57754,3000.0,4.4005373262E8
S144,I629444,U.s. Polo T-shirt,Apparel,146684.57754,3000.0,4.4005373262E8
S137,I629444,U.s. Polo T-shirt,Apparel,146684.57754,3000.0,4.4005373262E8
S117,I629444,U.s. Polo T-shirt,Apparel,146684.57754,3000.0,4.4005373262E8
S134,I629444,U.s. Polo T-shirt,Apparel,146684.57754,3000.0,4.4005373262E8
S130,I629444,U.s. Polo T-shirt,Apparel,146684.57754,3000.0,4.4005373262E8
S121,I629444,U.s. Polo T-shirt,Apparel,146684.57754,3000.0,4.4005373262E8
S114,I629444,U.s. Polo T-shirt,Apparel,146684.57754,3000.0,4.4005373262E8
S124,I629444,U.s. Polo T-shirt,Apparel,146684.57754,3000.0,4.4005373262E8
S111,I629444,U.s. Polo T-shirt,Apparel,146684.57754,3000.0,4.4005373262E8
S128,I629444,U.s. Polo T-shirt,Apparel,146684.57754,3000.0,4.4005373262E8
S116,I629444,U.s. Polo T-shirt,Apparel,146684.57754,3000.0,4.4005373262E8
S142,I629444,U.s. Polo T-shirt,Apparel,146684.57754,3000.0,4.4005373262E8
S132,I629444,U.s. Polo T-shirt,Apparel,146684.57754,3000.0,4.4005373262E8
S139,I629444,U.s. Polo T-shirt,Apparel,146684.57754,3000.0,4.4005373262E8
S127,I629444,U.s. Polo T-shirt,Apparel,146684.57754,3000.0,4.4005373262E8
S141,I629444,U.s. Polo T-shirt,Apparel,146684.57754,3000.0,4.4005373262E8
S140,I629444,U.s. Polo T-shirt,Apparel,146684.57754,3000.0,4.4005373262E8
S149,I652106,Lg 7kg Washing Machine,Home Appliances,93725.84998333333,3000.0,2.8117754995E8
S105,I652106,Lg 7kg Washing Machine,Home Appliances,93725.84998333333,3000.0,2.8117754995E8
S148,I652106,Lg 7kg Washing Machine,Home Appliances,93725.84998333333,3000.0,2.8117754995E8
S106,I652106,Lg 7kg Washing Machine,Home Appliances,93725.84998333333,3000.0,2.8117754995E8
S102,I652106,Lg 7kg Washing Machine,Home Appliances,93725.84998333333,3000.0,2.8117754995E8
S104,I652106,Lg 7kg Washing Machine,Home Appliances,93725.84998333333,3000.0,2.8117754995E8
S120,I652106,Lg 7kg Washing Machine,Home Appliances,93725.84998333333,3000.0,2.8117754995E8
S143,I652106,Lg 7kg Washing Machine,Home Appliances,93725.84998333333,3000.0,2.8117754995E8
S119,I652106,Lg 7kg Washing Machine,Home Appliances,93725.84998333333,3000.0,2.8117754995E8
S145,I652106,Lg 7kg Washing Machine,Home Appliances,93725.84998333333,3000.0,2.8117754995E8
S136,I652106,Lg 7kg Washing Machine,Home Appliances,93725.84998333333,3000.0,2.8117754995E8
S115,I652106,Lg 7kg Washing Machine,Home Appliances,93725.84998333333,3000.0,2.8117754995E8
S107,I652106,Lg 7kg Washing Machine,Home Appliances,93725.84998333333,3000.0,2.8117754995E8
S110,I652106,Lg 7kg Washing Machine,Home Appliances,93725.84998333333,3000.0,2.8117754995E8
S118,I652106,Lg 7kg Washing Machine,Home Appliances,93725.84998333333,3000.0,2.8117754995E8
S101,I652106,Lg 7kg Washing Machine,Home Appliances,93725.84998333333,3000.0,2.8117754995E8
S129,I652106,Lg 7kg Washing Machine,Home Appliances,93725.84998333333,3000.0,2.8117754995E8
S126,I652106,Lg 7kg Washing Machine,Home Appliances,93725.84998333333,3000.0,2.8117754995E8
S135,I652106,Lg 7kg Washing Machine,Home Appliances,93725.84998333333,3000.0,2.8117754995E8
S131,I652106,Lg 7kg Washing Machine,Home Appliances,93725.84998333333,3000.0,2.8117754995E8
S125,I652106,Lg 7kg Washing Machine,Home Appliances,93725.84998333333,3000.0,2.8117754995E8
S108,I652106,Lg 7kg Washing Machine,Home Appliances,93725.84998333333,3000.0,2.8117754995E8
S109,I652106,Lg 7kg Washing Machine,Home Appliances,93725.84998333333,3000.0,2.8117754995E8
S146,I652106,Lg 7kg Washing Machine,Home Appliances,93725.84998333333,3000.0,2.8117754995E8
S112,I652106,Lg 7kg Washing Machine,Home Appliances,93725.84998333333,3000.0,2.8117754995E8
S150,I652106,Lg 7kg Washing Machine,Home Appliances,93725.84998333333,3000.0,2.8117754995E8
S103,I652106,Lg 7kg Washing Machine,Home Appliances,93725.84998333333,3000.0,2.8117754995E8
S113,I652106,Lg 7kg Washing Machine,Home Appliances,93725.84998333333,3000.0,2.8117754995E8
S147,I652106,Lg 7kg Washing Machine,Home Appliances,93725.84998333333,3000.0,2.8117754995E8
S138,I652106,Lg 7kg Washing Machine,Home Appliances,93725.84998333333,3000.0,2.8117754995E8
S100,I652106,Lg 7kg Washing Machine,Home Appliances,93725.84998333333,3000.0,2.8117754995E8
S122,I652106,Lg 7kg Washing Machine,Home Appliances,93725.84998333333,3000.0,2.8117754995E8
S133,I652106,Lg 7kg Washing Machine,Home Appliances,93725.84998333333,3000.0,2.8117754995E8
S123,I652106,Lg 7kg Washing Machine,Home Appliances,93725.84998333333,3000.0,2.8117754995E8
S144,I652106,Lg 7kg Washing Machine,Home Appliances,93725.84998333333,3000.0,2.8117754995E8
S137,I652106,Lg 7kg Washing Machine,Home Appliances,93725.84998333333,3000.0,2.8117754995E8
S117,I652106,Lg 7kg Washing Machine,Home Appliances,93725.84998333333,3000.0,2.8117754995E8
S134,I652106,Lg 7kg Washing Machine,Home Appliances,93725.84998333333,3000.0,2.8117754995E8
S130,I652106,Lg 7kg Washing Machine,Home Appliances,93725.84998333333,3000.0,2.8117754995E8
S121,I652106,Lg 7kg Washing Machine,Home Appliances,93725.84998333333,3000.0,2.8117754995E8
S114,I652106,Lg 7kg Washing Machine,Home Appliances,93725.84998333333,3000.0,2.8117754995E8
S124,I652106,Lg 7kg Washing Machine,Home Appliances,93725.84998333333,3000.0,2.8117754995E8
S111,I652106,Lg 7kg Washing Machine,Home Appliances,93725.84998333333,3000.0,2.8117754995E8
S128,I652106,Lg 7kg Washing Machine,Home Appliances,93725.84998333333,3000.0,2.8117754995E8
S116,I652106,Lg 7kg Washing Machine,Home Appliances,93725.84998333333,3000.0,2.8117754995E8
S132,I652106,Lg 7kg Washing Machine,Home Appliances,93725.84998333333,3000.0,2.8117754995E8
S139,I652106,Lg 7kg Washing Machine,Home Appliances,93725.84998333333,3000.0,2.8117754995E8
S127,I652106,Lg 7kg Washing Machine,Home Appliances,93725.84998333333,3000.0,2.8117754995E8
S141,I652106,Lg 7kg Washing Machine,Home Appliances,93725.84998333333,3000.0,2.8117754995E8
S140,I652106,Lg 7kg Washing Machine,Home Appliances,93725.84998333333,3000.0,2.8117754995E8
S149,I656062,H&m Cotton Shirt,Apparel,95227.59559333332,3000.0,2.8568278678E8
S105,I656062,H&m Cotton Shirt,Apparel,95227.59559333332,3000.0,2.8568278678E8
S148,I656062,H&m Cotton Shirt,Apparel,95227.59559333332,3000.0,2.8568278678E8
S106,I656062,H&m Cotton Shirt,Apparel,95227.59559333332,3000.0,2.8568278678E8
S102,I656062,H&m Cotton Shirt,Apparel,95227.59559333332,3000.0,2.8568278678E8
S104,I656062,H&m Cotton Shirt,Apparel,95227.59559333332,3000.0,2.8568278678E8
S120,I656062,H&m Cotton Shirt,Apparel,95227.59559333332,3000.0,2.8568278678E8
S143,I656062,H&m Cotton Shirt,Apparel,95227.59559333332,3000.0,2.8568278678E8
S119,I656062,H&m Cotton Shirt,Apparel,95227.59559333332,3000.0,2.8568278678E8
S145,I656062,H&m Cotton Shirt,Apparel,95227.59559333332,3000.0,2.8568278678E8
S136,I656062,H&m Cotton Shirt,Apparel,95227.59559333332,3000.0,2.8568278678E8
S115,I656062,H&m Cotton Shirt,Apparel,95227.59559333332,3000.0,2.8568278678E8
S107,I656062,H&m Cotton Shirt,Apparel,95227.59559333332,3000.0,2.8568278678E8
S110,I656062,H&m Cotton Shirt,Apparel,95227.59559333332,3000.0,2.8568278678E8
S118,I656062,H&m Cotton Shirt,Apparel,95227.59559333332,3000.0,2.8568278678E8
S129,I656062,H&m Cotton Shirt,Apparel,95227.59559333332,3000.0,2.8568278678E8
S126,I656062,H&m Cotton Shirt,Apparel,95227.59559333332,3000.0,2.8568278678E8
S135,I656062,H&m Cotton Shirt,Apparel,95227.59559333332,3000.0,2.8568278678E8
S131,I656062,H&m Cotton Shirt,Apparel,95227.59559333332,3000.0,2.8568278678E8
S125,I656062,H&m Cotton Shirt,Apparel,95227.59559333332,3000.0,2.8568278678E8
S108,I656062,H&m Cotton Shirt,Apparel,95227.59559333332,3000.0,2.8568278678E8
S109,I656062,H&m Cotton Shirt,Apparel,95227.59559333332,3000.0,2.8568278678E8
S146,I656062,H&m Cotton Shirt,Apparel,95227.59559333332,3000.0,2.8568278678E8
S112,I656062,H&m Cotton Shirt,Apparel,95227.59559333332,3000.0,2.8568278678E8
S150,I656062,H&m Cotton Shirt,Apparel,95227.59559333332,3000.0,2.8568278678E8
S103,I656062,H&m Cotton Shirt,Apparel,95227.59559333332,3000.0,2.8568278678E8
S113,I656062,H&m Cotton Shirt,Apparel,95227.59559333332,3000.0,2.8568278678E8
S147,I656062,H&m Cotton Shirt,Apparel,95227.59559333332,3000.0,2.8568278678E8
S138,I656062,H&m Cotton Shirt,Apparel,95227.59559333332,3000.0,2.8568278678E8
S100,I656062,H&m Cotton Shirt,Apparel,95227.59559333332,3000.0,2.8568278678E8
S122,I656062,H&m Cotton Shirt,Apparel,95227.59559333332,3000.0,2.8568278678E8
S133,I656062,H&m Cotton Shirt,Apparel,95227.59559333332,3000.0,2.8568278678E8
S123,I656062,H&m Cotton Shirt,Apparel,95227.59559333332,3000.0,2.8568278678E8
S144,I656062,H&m Cotton Shirt,Apparel,95227.59559333332,3000.0,2.8568278678E8
S137,I656062,H&m Cotton Shirt,Apparel,95227.59559333332,3000.0,2.8568278678E8
S117,I656062,H&m Cotton Shirt,Apparel,95227.59559333332,3000.0,2.8568278678E8
S134,I656062,H&m Cotton Shirt,Apparel,95227.59559333332,3000.0,2.8568278678E8
S130,I656062,H&m Cotton Shirt,Apparel,95227.59559333332,3000.0,2.8568278678E8
S121,I656062,H&m Cotton Shirt,Apparel,95227.59559333332,3000.0,2.8568278678E8
S114,I656062,H&m Cotton Shirt,Apparel,95227.59559333332,3000.0,2.8568278678E8
S124,I656062,H&m Cotton Shirt,Apparel,95227.59559333332,3000.0,2.8568278678E8
S111,I656062,H&m Cotton Shirt,Apparel,95227.59559333332,3000.0,2.8568278678E8
S128,I656062,H&m Cotton Shirt,Apparel,95227.59559333332,3000.0,2.8568278678E8
S116,I656062,H&m Cotton Shirt,Apparel,95227.59559333332,3000.0,2.8568278678E8
S142,I656062,H&m Cotton Shirt,Apparel,95227.59559333332,3000.0,2.8568278678E8
S132,I656062,H&m Cotton Shirt,Apparel,95227.59559333332,3000.0,2.8568278678E8
S139,I656062,H&m Cotton Shirt,Apparel,95227.59559333332,3000.0,2.8568278678E8
S127,I656062,H&m Cotton Shirt,Apparel,95227.59559333332,3000.0,2.8568278678E8
S141,I656062,H&m Cotton Shirt,Apparel,95227.59559333332,3000.0,2.8568278678E8
S140,I656062,H&m Cotton Shirt,Apparel,95227.59559333332,3000.0,2.8568278678E8
S149,I66140,H&m Cotton Shirt,Apparel,84412.29657,3000.0,2.5323688971E8
S105,I66140,H&m Cotton Shirt,Apparel,84412.29657,3000.0,2.5323688971E8
S148,I66140,H&m Cotton Shirt,Apparel,84412.29657,3000.0,2.5323688971E8
S106,I66140,H&m Cotton Shirt,Apparel,84412.29657,3000.0,2.5323688971E8
S102,I66140,H&m Cotton Shirt,Apparel,84412.29657,3000.0,2.5323688971E8
S104,I66140,H&m Cotton Shirt,Apparel,84412.29657,3000.0,2.5323688971E8
S120,I66140,H&m Cotton Shirt,Apparel,84412.29657,3000.0,2.5323688971E8
S143,I66140,H&m Cotton Shirt,Apparel,84412.29657,3000.0,2.5323688971E8
S119,I66140,H&m Cotton Shirt,Apparel,84412.29657,3000.0,2.5323688971E8
S145,I66140,H&m Cotton Shirt,Apparel,84412.29657,3000.0,2.5323688971E8
S136,I66140,H&m Cotton Shirt,Apparel,84412.29657,3000.0,2.5323688971E8
S115,I66140,H&m Cotton Shirt,Apparel,84412.29657,3000.0,2.5323688971E8
S107,I66140,H&m Cotton Shirt,Apparel,84412.29657,3000.0,2.5323688971E8
S110,I66140,H&m Cotton Shirt,Apparel,84412.29657,3000.0,2.5323688971E8
S118,I66140,H&m Cotton Shirt,Apparel,84412.29657,3000.0,2.5323688971E8
S101,I66140,H&m Cotton Shirt,Apparel,84412.29657,3000.0,2.5323688971E8
S129,I66140,H&m Cotton Shirt,Apparel,84412.29657,3000.0,2.5323688971E8
S126,I66140,H&m Cotton Shirt,Apparel,84412.29657,3000.0,2.5323688971E8
S135,I66140,H&m Cotton Shirt,Apparel,84412.29657,3000.0,2.5323688971E8
S131,I66140,H&m Cotton Shirt,Apparel,84412.29657,3000.0,2.5323688971E8
S125,I66140,H&m Cotton Shirt,Apparel,84412.29657,3000.0,2.5323688971E8
S108,I66140,H&m Cotton Shirt,Apparel,84412.29657,3000.0,2.5323688971E8
S109,I66140,H&m Cotton Shirt,Apparel,84412.29657,3000.0,2.5323688971E8
S146,I66140,H&m Cotton Shirt,Apparel,84412.29657,3000.0,2.5323688971E8
S112,I66140,H&m Cotton Shirt,Apparel,84412.29657,3000.0,2.5323688971E8
S150,I66140,H&m Cotton Shirt,Apparel,84412.29657,3000.0,2.5323688971E8
S103,I66140,H&m Cotton Shirt,Apparel,84412.29657,3000.0,2.5323688971E8
S113,I66140,H&m Cotton Shirt,Apparel,84412.29657,3000.0,2.5323688971E8
S147,I66140,H&m Cotton Shirt,Apparel,84412.29657,3000.0,2.5323688971E8
S138,I66140,H&m Cotton Shirt,Apparel,84412.29657,3000.0,2.5323688971E8
S100,I66140,H&m Cotton Shirt,Apparel,84412.29657,3000.0,2.5323688971E8
S122,I66140,H&m Cotton Shirt,Apparel,84412.29657,3000.0,2.5323688971E8
S133,I66140,H&m Cotton Shirt,Apparel,84412.29657,3000.0,2.5323688971E8
S123,I66140,H&m Cotton Shirt,Apparel,84412.29657,3000.0,2.5323688971E8
S144,I66140,H&m Cotton Shirt,Apparel,84412.29657,3000.0,2.5323688971E8
S137,I66140,H&m Cotton Shirt,Apparel,84412.29657,3000.0,2.5323688971E8
S134,I66140,H&m Cotton Shirt,Apparel,84412.29657,3000.0,2.5323688971E8
S130,I66140,H&m Cotton Shirt,Apparel,84412.29657,3000.0,2.5323688971E8
S121,I66140,H&m Cotton Shirt,Apparel,84412.29657,3000.0,2.5323688971E8
S114,I66140,H&m Cotton Shirt,Apparel,84412.29657,3000.0,2.5323688971E8
S124,I66140,H&m Cotton Shirt,Apparel,84412.29657,3000.0,2.5323688971E8
S111,I66140,H&m Cotton Shirt,Apparel,84412.29657,3000.0,2.5323688971E8
S128,I66140,H&m Cotton Shirt,Apparel,84412.29657,3000.0,2.5323688971E8
S116,I66140,H&m Cotton Shirt,Apparel,84412.29657,3000.0,2.5323688971E8
S142,I66140,H&m Cotton Shirt,Apparel,84412.29657,3000.0,2.5323688971E8
S132,I66140,H&m Cotton Shirt,Apparel,84412.29657,3000.0,2.5323688971E8
S139,I66140,H&m Cotton Shirt,Apparel,84412.29657,3000.0,2.5323688971E8
S127,I66140,H&m Cotton Shirt,Apparel,84412.29657,3000.0,2.5323688971E8
S141,I66140,H&m Cotton Shirt,Apparel,84412.29657,3000.0,2.5323688971E8
S140,I66140,H&m Cotton Shirt,Apparel,84412.29657,3000.0,2.5323688971E8
S149,I667949,H&m Cotton Shirt,Apparel,102781.53237860661,1421.0,1.4605255751E8
S105,I667949,H&m Cotton Shirt,Apparel,102781.53237860661,1421.0,1.4605255751E8
S148,I667949,H&m Cotton Shirt,Apparel,102781.53237860661,1421.0,1.4605255751E8
S106,I667949,H&m Cotton Shirt,Apparel,102781.53237860661,1421.0,1.4605255751E8
S102,I667949,H&m Cotton Shirt,Apparel,102781.53237860661,1421.0,1.4605255751E8
S104,I667949,H&m Cotton Shirt,Apparel,102781.53237860661,1421.0,1.4605255751E8
S120,I667949,H&m Cotton Shirt,Apparel,102781.53237860661,1421.0,1.4605255751E8
S143,I667949,H&m Cotton Shirt,Apparel,102781.53237860661,1421.0,1.4605255751E8
S119,I667949,H&m Cotton Shirt,Apparel,102781.53237860661,1421.0,1.4605255751E8
S145,I667949,H&m Cotton Shirt,Apparel,102781.53237860661,1421.0,1.4605255751E8
S136,I667949,H&m Cotton Shirt,Apparel,102781.53237860661,1421.0,1.4605255751E8
S115,I667949,H&m Cotton Shirt,Apparel,102781.53237860661,1421.0,1.4605255751E8
S107,I667949,H&m Cotton Shirt,Apparel,102781.53237860661,1421.0,1.4605255751E8
S110,I667949,H&m Cotton Shirt,Apparel,102781.53237860661,1421.0,1.4605255751E8
S118,I667949,H&m Cotton Shirt,Apparel,102781.53237860661,1421.0,1.4605255751E8
S101,I667949,H&m Cotton Shirt,Apparel,102781.53237860661,1421.0,1.4605255751E8
S129,I667949,H&m Cotton Shirt,Apparel,102781.53237860661,1421.0,1.4605255751E8
S126,I667949,H&m Cotton Shirt,Apparel,102781.53237860661,1421.0,1.4605255751E8
S135,I667949,H&m Cotton Shirt,Apparel,102781.53237860661,1421.0,1.4605255751E8
S131,I667949,H&m Cotton Shirt,Apparel,102781.53237860661,1421.0,1.4605255751E8
S125,I667949,H&m Cotton Shirt,Apparel,102781.53237860661,1421.0,1.4605255751E8
S108,I667949,H&m Cotton Shirt,Apparel,102781.53237860661,1421.0,1.4605255751E8
S109,I667949,H&m Cotton Shirt,Apparel,102781.53237860661,1421.0,1.4605255751E8
S146,I667949,H&m Cotton Shirt,Apparel,102781.53237860661,1421.0,1.4605255751E8
S112,I667949,H&m Cotton Shirt,Apparel,102781.53237860661,1421.0,1.4605255751E8
S150,I667949,H&m Cotton Shirt,Apparel,102781.53237860661,1421.0,1.4605255751E8
S103,I667949,H&m Cotton Shirt,Apparel,102781.53237860661,1421.0,1.4605255751E8
S113,I667949,H&m Cotton Shirt,Apparel,102781.53237860661,1421.0,1.4605255751E8
S147,I667949,H&m Cotton Shirt,Apparel,102781.53237860661,1421.0,1.4605255751E8
S138,I667949,H&m Cotton Shirt,Apparel,102781.53237860661,1421.0,1.4605255751E8
S100,I667949,H&m Cotton Shirt,Apparel,102781.53237860661,1421.0,1.4605255751E8
S122,I667949,H&m Cotton Shirt,Apparel,102781.53237860661,1421.0,1.4605255751E8
S123,I667949,H&m Cotton Shirt,Apparel,102781.53237860661,1421.0,1.4605255751E8
S144,I667949,H&m Cotton Shirt,Apparel,102781.53237860661,1421.0,1.4605255751E8
S137,I667949,H&m Cotton Shirt,Apparel,102781.53237860661,1421.0,1.4605255751E8
S117,I667949,H&m Cotton Shirt,Apparel,102781.53237860661,1421.0,1.4605255751E8
S134,I667949,H&m Cotton Shirt,Apparel,102781.53237860661,1421.0,1.4605255751E8
S130,I667949,H&m Cotton Shirt,Apparel,102781.53237860661,1421.0,1.4605255751E8
S121,I667949,H&m Cotton Shirt,Apparel,102781.53237860661,1421.0,1.4605255751E8
S114,I667949,H&m Cotton Shirt,Apparel,102781.53237860661,1421.0,1.4605255751E8
S124,I667949,H&m Cotton Shirt,Apparel,102781.53237860661,1421.0,1.4605255751E8
S111,I667949,H&m Cotton Shirt,Apparel,102781.53237860661,1421.0,1.4605255751E8
S128,I667949,H&m Cotton Shirt,Apparel,102781.53237860661,1421.0,1.4605255751E8
S116,I667949,H&m Cotton Shirt,Apparel,102781.53237860661,1421.0,1.4605255751E8
S142,I667949,H&m Cotton Shirt,Apparel,102781.53237860661,1421.0,1.4605255751E8
S132,I667949,H&m Cotton Shirt,Apparel,102781.53237860661,1421.0,1.4605255751E8
S139,I667949,H&m Cotton Shirt,Apparel,102781.53237860661,1421.0,1.4605255751E8
S127,I667949,H&m Cotton Shirt,Apparel,102781.53237860661,1421.0,1.4605255751E8
S141,I667949,H&m Cotton Shirt,Apparel,102781.53237860661,1421.0,1.4605255751E8
S140,I667949,H&m Cotton Shirt,Apparel,102781.53237860661,1421.0,1.4605255751E8
S149,I671597,Zara Maxi Dress,Apparel,132896.25417298937,1318.0,1.75157263E8
S105,I671597,Zara Maxi Dress,Apparel,132896.25417298937,1318.0,1.75157263E8
S148,I671597,Zara Maxi Dress,Apparel,132896.25417298937,1318.0,1.75157263E8
S106,I671597,Zara Maxi Dress,Apparel,132896.25417298937,1318.0,1.75157263E8
S102,I671597,Zara Maxi Dress,Apparel,132896.25417298937,1318.0,1.75157263E8
S104,I671597,Zara Maxi Dress,Apparel,132896.25417298937,1318.0,1.75157263E8
S120,I671597,Zara Maxi Dress,Apparel,132896.25417298937,1318.0,1.75157263E8
S143,I671597,Zara Maxi Dress,Apparel,132896.25417298937,1318.0,1.75157263E8
S119,I671597,Zara Maxi Dress,Apparel,132896.25417298937,1318.0,1.75157263E8
S145,I671597,Zara Maxi Dress,Apparel,132896.25417298937,1318.0,1.75157263E8
S136,I671597,Zara Maxi Dress,Apparel,132896.25417298937,1318.0,1.75157263E8
S115,I671597,Zara Maxi Dress,Apparel,132896.25417298937,1318.0,1.75157263E8
S107,I671597,Zara Maxi Dress,Apparel,132896.25417298937,1318.0,1.75157263E8
S110,I671597,Zara Maxi Dress,Apparel,132896.25417298937,1318.0,1.75157263E8
S118,I671597,Zara Maxi Dress,Apparel,132896.25417298937,1318.0,1.75157263E8
S101,I671597,Zara Maxi Dress,Apparel,132896.25417298937,1318.0,1.75157263E8
S129,I671597,Zara Maxi Dress,Apparel,132896.25417298937,1318.0,1.75157263E8
S126,I671597,Zara Maxi Dress,Apparel,132896.25417298937,1318.0,1.75157263E8
S135,I671597,Zara Maxi Dress,Apparel,132896.25417298937,1318.0,1.75157263E8
S131,I671597,Zara Maxi Dress,Apparel,132896.25417298937,1318.0,1.75157263E8
S125,I671597,Zara Maxi Dress,Apparel,132896.25417298937,1318.0,1.75157263E8
S108,I671597,Zara Maxi Dress,Apparel,132896.25417298937,1318.0,1.75157263E8
S109,I671597,Zara Maxi Dress,Apparel,132896.25417298937,1318.0,1.75157263E8
S146,I671597,Zara Maxi Dress,Apparel,132896.25417298937,1318.0,1.75157263E8
S112,I671597,Zara Maxi Dress,Apparel,132896.25417298937,1318.0,1.75157263E8
S150,I671597,Zara Maxi Dress,Apparel,132896.25417298937,1318.0,1.75157263E8
S103,I671597,Zara Maxi Dress,Apparel,132896.25417298937,1318.0,1.75157263E8
S113,I671597,Zara Maxi Dress,Apparel,132896.25417298937,1318.0,1.75157263E8
S147,I671597,Zara Maxi Dress,Apparel,132896.25417298937,1318.0,1.75157263E8
S138,I671597,Zara Maxi Dress,Apparel,132896.25417298937,1318.0,1.75157263E8
S100,I671597,Zara Maxi Dress,Apparel,132896.25417298937,1318.0,1.75157263E8
S122,I671597,Zara Maxi Dress,Apparel,132896.25417298937,1318.0,1.75157263E8
S133,I671597,Zara Maxi Dress,Apparel,132896.25417298937,1318.0,1.75157263E8
S144,I671597,Zara Maxi Dress,Apparel,132896.25417298937,1318.0,1.75157263E8
S137,I671597,Zara Maxi Dress,Apparel,132896.25417298937,1318.0,1.75157263E8
S117,I671597,Zara Maxi Dress,Apparel,132896.25417298937,1318.0,1.75157263E8
S134,I671597,Zara Maxi Dress,Apparel,132896.25417298937,1318.0,1.75157263E8
S130,I671597,Zara Maxi Dress,Apparel,132896.25417298937,1318.0,1.75157263E8
S121,I671597,Zara Maxi Dress,Apparel,132896.25417298937,1318.0,1.75157263E8
S114,I671597,Zara Maxi Dress,Apparel,132896.25417298937,1318.0,1.75157263E8
S124,I671597,Zara Maxi Dress,Apparel,132896.25417298937,1318.0,1.75157263E8
S111,I671597,Zara Maxi Dress,Apparel,132896.25417298937,1318.0,1.75157263E8
S128,I671597,Zara Maxi Dress,Apparel,132896.25417298937,1318.0,1.75157263E8
S116,I671597,Zara Maxi Dress,Apparel,132896.25417298937,1318.0,1.75157263E8
S142,I671597,Zara Maxi Dress,Apparel,132896.25417298937,1318.0,1.75157263E8
S132,I671597,Zara Maxi Dress,Apparel,132896.25417298937,1318.0,1.75157263E8
S139,I671597,Zara Maxi Dress,Apparel,132896.25417298937,1318.0,1.75157263E8
S127,I671597,Zara Maxi Dress,Apparel,132896.25417298937,1318.0,1.75157263E8
S141,I671597,Zara Maxi Dress,Apparel,132896.25417298937,1318.0,1.75157263E8
S140,I671597,Zara Maxi Dress,Apparel,132896.25417298937,1318.0,1.75157263E8
S149,I677527,Zara Maxi Dress,Apparel,76297.07212333333,3000.0,2.2889121637E8
S105,I677527,Zara Maxi Dress,Apparel,76297.07212333333,3000.0,2.2889121637E8
S148,I677527,Zara Maxi Dress,Apparel,76297.07212333333,3000.0,2.2889121637E8
S106,I677527,Zara Maxi Dress,Apparel,76297.07212333333,3000.0,2.2889121637E8
S102,I677527,Zara Maxi Dress,Apparel,76297.07212333333,3000.0,2.2889121637E8
S104,I677527,Zara Maxi Dress,Apparel,76297.07212333333,3000.0,2.2889121637E8
S120,I677527,Zara Maxi Dress,Apparel,76297.07212333333,3000.0,2.2889121637E8
S143,I677527,Zara Maxi Dress,Apparel,76297.07212333333,3000.0,2.2889121637E8
S119,I677527,Zara Maxi Dress,Apparel,76297.07212333333,3000.0,2.2889121637E8
S145,I677527,Zara Maxi Dress,Apparel,76297.07212333333,3000.0,2.2889121637E8
S136,I677527,Zara Maxi Dress,Apparel,76297.07212333333,3000.0,2.2889121637E8
S115,I677527,Zara Maxi Dress,Apparel,76297.07212333333,3000.0,2.2889121637E8
S107,I677527,Zara Maxi Dress,Apparel,76297.07212333333,3000.0,2.2889121637E8
S110,I677527,Zara Maxi Dress,Apparel,76297.07212333333,3000.0,2.2889121637E8
S118,I677527,Zara Maxi Dress,Apparel,76297.07212333333,3000.0,2.2889121637E8
S101,I677527,Zara Maxi Dress,Apparel,76297.07212333333,3000.0,2.2889121637E8
S129,I677527,Zara Maxi Dress,Apparel,76297.07212333333,3000.0,2.2889121637E8
S126,I677527,Zara Maxi Dress,Apparel,76297.07212333333,3000.0,2.2889121637E8
S135,I677527,Zara Maxi Dress,Apparel,76297.07212333333,3000.0,2.2889121637E8
S131,I677527,Zara Maxi Dress,Apparel,76297.07212333333,3000.0,2.2889121637E8
S108,I677527,Zara Maxi Dress,Apparel,76297.07212333333,3000.0,2.2889121637E8
S109,I677527,Zara Maxi Dress,Apparel,76297.07212333333,3000.0,2.2889121637E8
S146,I677527,Zara Maxi Dress,Apparel,76297.07212333333,3000.0,2.2889121637E8
S112,I677527,Zara Maxi Dress,Apparel,76297.07212333333,3000.0,2.2889121637E8
S150,I677527,Zara Maxi Dress,Apparel,76297.07212333333,3000.0,2.2889121637E8
S103,I677527,Zara Maxi Dress,Apparel,76297.07212333333,3000.0,2.2889121637E8
S113,I677527,Zara Maxi Dress,Apparel,76297.07212333333,3000.0,2.2889121637E8
S147,I677527,Zara Maxi Dress,Apparel,76297.07212333333,3000.0,2.2889121637E8
S138,I677527,Zara Maxi Dress,Apparel,76297.07212333333,3000.0,2.2889121637E8
S100,I677527,Zara Maxi Dress,Apparel,76297.07212333333,3000.0,2.2889121637E8
S122,I677527,Zara Maxi Dress,Apparel,76297.07212333333,3000.0,2.2889121637E8
S133,I677527,Zara Maxi Dress,Apparel,76297.07212333333,3000.0,2.2889121637E8
S123,I677527,Zara Maxi Dress,Apparel,76297.07212333333,3000.0,2.2889121637E8
S144,I677527,Zara Maxi Dress,Apparel,76297.07212333333,3000.0,2.2889121637E8
S137,I677527,Zara Maxi Dress,Apparel,76297.07212333333,3000.0,2.2889121637E8
S117,I677527,Zara Maxi Dress,Apparel,76297.07212333333,3000.0,2.2889121637E8
S134,I677527,Zara Maxi Dress,Apparel,76297.07212333333,3000.0,2.2889121637E8
S130,I677527,Zara Maxi Dress,Apparel,76297.07212333333,3000.0,2.2889121637E8
S121,I677527,Zara Maxi Dress,Apparel,76297.07212333333,3000.0,2.2889121637E8
S114,I677527,Zara Maxi Dress,Apparel,76297.07212333333,3000.0,2.2889121637E8
S124,I677527,Zara Maxi Dress,Apparel,76297.07212333333,3000.0,2.2889121637E8
S111,I677527,Zara Maxi Dress,Apparel,76297.07212333333,3000.0,2.2889121637E8
S128,I677527,Zara Maxi Dress,Apparel,76297.07212333333,3000.0,2.2889121637E8
S116,I677527,Zara Maxi Dress,Apparel,76297.07212333333,3000.0,2.2889121637E8
S142,I677527,Zara Maxi Dress,Apparel,76297.07212333333,3000.0,2.2889121637E8
S132,I677527,Zara Maxi Dress,Apparel,76297.07212333333,3000.0,2.2889121637E8
S139,I677527,Zara Maxi Dress,Apparel,76297.07212333333,3000.0,2.2889121637E8
S127,I677527,Zara Maxi Dress,Apparel,76297.07212333333,3000.0,2.2889121637E8
S141,I677527,Zara Maxi Dress,Apparel,76297.07212333333,3000.0,2.2889121637E8
S140,I677527,Zara Maxi Dress,Apparel,76297.07212333333,3000.0,2.2889121637E8
S149,I700424,Apple Iphone 15 Pro,Electronics,145480.83907666669,3000.0,4.364425172300001E8
S105,I700424,Apple Iphone 15 Pro,Electronics,145480.83907666669,3000.0,4.364425172300001E8
S148,I700424,Apple Iphone 15 Pro,Electronics,145480.83907666669,3000.0,4.364425172300001E8
S106,I700424,Apple Iphone 15 Pro,Electronics,145480.83907666669,3000.0,4.364425172300001E8
S102,I700424,Apple Iphone 15 Pro,Electronics,145480.83907666669,3000.0,4.364425172300001E8
S104,I700424,Apple Iphone 15 Pro,Electronics,145480.83907666669,3000.0,4.364425172300001E8
S120,I700424,Apple Iphone 15 Pro,Electronics,145480.83907666669,3000.0,4.364425172300001E8
S143,I700424,Apple Iphone 15 Pro,Electronics,145480.83907666669,3000.0,4.364425172300001E8
S119,I700424,Apple Iphone 15 Pro,Electronics,145480.83907666669,3000.0,4.364425172300001E8
S145,I700424,Apple Iphone 15 Pro,Electronics,145480.83907666669,3000.0,4.364425172300001E8
S136,I700424,Apple Iphone 15 Pro,Electronics,145480.83907666669,3000.0,4.364425172300001E8
S115,I700424,Apple Iphone 15 Pro,Electronics,145480.83907666669,3000.0,4.364425172300001E8
S107,I700424,Apple Iphone 15 Pro,Electronics,145480.83907666669,3000.0,4.364425172300001E8
S110,I700424,Apple Iphone 15 Pro,Electronics,145480.83907666669,3000.0,4.364425172300001E8
S118,I700424,Apple Iphone 15 Pro,Electronics,145480.83907666669,3000.0,4.364425172300001E8
S101,I700424,Apple Iphone 15 Pro,Electronics,145480.83907666669,3000.0,4.364425172300001E8
S129,I700424,Apple Iphone 15 Pro,Electronics,145480.83907666669,3000.0,4.364425172300001E8
S126,I700424,Apple Iphone 15 Pro,Electronics,145480.83907666669,3000.0,4.364425172300001E8
S135,I700424,Apple Iphone 15 Pro,Electronics,145480.83907666669,3000.0,4.364425172300001E8
S131,I700424,Apple Iphone 15 Pro,Electronics,145480.83907666669,3000.0,4.364425172300001E8
S125,I700424,Apple Iphone 15 Pro,Electronics,145480.83907666669,3000.0,4.364425172300001E8
S108,I700424,Apple Iphone 15 Pro,Electronics,145480.83907666669,3000.0,4.364425172300001E8
S109,I700424,Apple Iphone 15 Pro,Electronics,145480.83907666669,3000.0,4.364425172300001E8
S146,I700424,Apple Iphone 15 Pro,Electronics,145480.83907666669,3000.0,4.364425172300001E8
S112,I700424,Apple Iphone 15 Pro,Electronics,145480.83907666669,3000.0,4.364425172300001E8
S150,I700424,Apple Iphone 15 Pro,Electronics,145480.83907666669,3000.0,4.364425172300001E8
S103,I700424,Apple Iphone 15 Pro,Electronics,145480.83907666669,3000.0,4.364425172300001E8
S113,I700424,Apple Iphone 15 Pro,Electronics,145480.83907666669,3000.0,4.364425172300001E8
S147,I700424,Apple Iphone 15 Pro,Electronics,145480.83907666669,3000.0,4.364425172300001E8
S138,I700424,Apple Iphone 15 Pro,Electronics,145480.83907666669,3000.0,4.364425172300001E8
S100,I700424,Apple Iphone 15 Pro,Electronics,145480.83907666669,3000.0,4.364425172300001E8
S122,I700424,Apple Iphone 15 Pro,Electronics,145480.83907666669,3000.0,4.364425172300001E8
S133,I700424,Apple Iphone 15 Pro,Electronics,145480.83907666669,3000.0,4.364425172300001E8
S123,I700424,Apple Iphone 15 Pro,Electronics,145480.83907666669,3000.0,4.364425172300001E8
S144,I700424,Apple Iphone 15 Pro,Electronics,145480.83907666669,3000.0,4.364425172300001E8
S137,I700424,Apple Iphone 15 Pro,Electronics,145480.83907666669,3000.0,4.364425172300001E8
S117,I700424,Apple Iphone 15 Pro,Electronics,145480.83907666669,3000.0,4.364425172300001E8
S134,I700424,Apple Iphone 15 Pro,Electronics,145480.83907666669,3000.0,4.364425172300001E8
S130,I700424,Apple Iphone 15 Pro,Electronics,145480.83907666669,3000.0,4.364425172300001E8
S121,I700424,Apple Iphone 15 Pro,Electronics,145480.83907666669,3000.0,4.364425172300001E8
S114,I700424,Apple Iphone 15 Pro,Electronics,145480.83907666669,3000.0,4.364425172300001E8
S124,I700424,Apple Iphone 15 Pro,Electronics,145480.83907666669,3000.0,4.364425172300001E8
S111,I700424,Apple Iphone 15 Pro,Electronics,145480.83907666669,3000.0,4.364425172300001E8
S128,I700424,Apple Iphone 15 Pro,Electronics,145480.83907666669,3000.0,4.364425172300001E8
S116,I700424,Apple Iphone 15 Pro,Electronics,145480.83907666669,3000.0,4.364425172300001E8
S142,I700424,Apple Iphone 15 Pro,Electronics,145480.83907666669,3000.0,4.364425172300001E8
S132,I700424,Apple Iphone 15 Pro,Electronics,145480.83907666669,3000.0,4.364425172300001E8
S139,I700424,Apple Iphone 15 Pro,Electronics,145480.83907666669,3000.0,4.364425172300001E8
S127,I700424,Apple Iphone 15 Pro,Electronics,145480.83907666669,3000.0,4.364425172300001E8
S140,I700424,Apple Iphone 15 Pro,Electronics,145480.83907666669,3000.0,4.364425172300001E8
S149,I743406,Sony Wh-1000xm5 Headphones,Electronics,83841.88901234568,1134.0,9.507670214E7
S105,I743406,Sony Wh-1000xm5 Headphones,Electronics,83841.88901234568,1134.0,9.507670214E7
S148,I743406,Sony Wh-1000xm5 Headphones,Electronics,83841.88901234568,1134.0,9.507670214E7
S106,I743406,Sony Wh-1000xm5 Headphones,Electronics,83841.88901234568,1134.0,9.507670214E7
S102,I743406,Sony Wh-1000xm5 Headphones,Electronics,83841.88901234568,1134.0,9.507670214E7
S104,I743406,Sony Wh-1000xm5 Headphones,Electronics,83841.88901234568,1134.0,9.507670214E7
S120,I743406,Sony Wh-1000xm5 Headphones,Electronics,83841.88901234568,1134.0,9.507670214E7
S143,I743406,Sony Wh-1000xm5 Headphones,Electronics,83841.88901234568,1134.0,9.507670214E7
S119,I743406,Sony Wh-1000xm5 Headphones,Electronics,83841.88901234568,1134.0,9.507670214E7
S145,I743406,Sony Wh-1000xm5 Headphones,Electronics,83841.88901234568,1134.0,9.507670214E7
S136,I743406,Sony Wh-1000xm5 Headphones,Electronics,83841.88901234568,1134.0,9.507670214E7
S115,I743406,Sony Wh-1000xm5 Headphones,Electronics,83841.88901234568,1134.0,9.507670214E7
S107,I743406,Sony Wh-1000xm5 Headphones,Electronics,83841.88901234568,1134.0,9.507670214E7
S110,I743406,Sony Wh-1000xm5 Headphones,Electronics,83841.88901234568,1134.0,9.507670214E7
S101,I743406,Sony Wh-1000xm5 Headphones,Electronics,83841.88901234568,1134.0,9.507670214E7
S129,I743406,Sony Wh-1000xm5 Headphones,Electronics,83841.88901234568,1134.0,9.507670214E7
S126,I743406,Sony Wh-1000xm5 Headphones,Electronics,83841.88901234568,1134.0,9.507670214E7
S135,I743406,Sony Wh-1000xm5 Headphones,Electronics,83841.88901234568,1134.0,9.507670214E7
S131,I743406,Sony Wh-1000xm5 Headphones,Electronics,83841.88901234568,1134.0,9.507670214E7
S125,I743406,Sony Wh-1000xm5 Headphones,Electronics,83841.88901234568,1134.0,9.507670214E7
S108,I743406,Sony Wh-1000xm5 Headphones,Electronics,83841.88901234568,1134.0,9.507670214E7
S109,I743406,Sony Wh-1000xm5 Headphones,Electronics,83841.88901234568,1134.0,9.507670214E7
S146,I743406,Sony Wh-1000xm5 Headphones,Electronics,83841.88901234568,1134.0,9.507670214E7
S112,I743406,Sony Wh-1000xm5 Headphones,Electronics,83841.88901234568,1134.0,9.507670214E7
S150,I743406,Sony Wh-1000xm5 Headphones,Electronics,83841.88901234568,1134.0,9.507670214E7
S103,I743406,Sony Wh-1000xm5 Headphones,Electronics,83841.88901234568,1134.0,9.507670214E7
S113,I743406,Sony Wh-1000xm5 Headphones,Electronics,83841.88901234568,1134.0,9.507670214E7
S147,I743406,Sony Wh-1000xm5 Headphones,Electronics,83841.88901234568,1134.0,9.507670214E7
S138,I743406,Sony Wh-1000xm5 Headphones,Electronics,83841.88901234568,1134.0,9.507670214E7
S100,I743406,Sony Wh-1000xm5 Headphones,Electronics,83841.88901234568,1134.0,9.507670214E7
S122,I743406,Sony Wh-1000xm5 Headphones,Electronics,83841.88901234568,1134.0,9.507670214E7
S133,I743406,Sony Wh-1000xm5 Headphones,Electronics,83841.88901234568,1134.0,9.507670214E7
S123,I743406,Sony Wh-1000xm5 Headphones,Electronics,83841.88901234568,1134.0,9.507670214E7
S144,I743406,Sony Wh-1000xm5 Headphones,Electronics,83841.88901234568,1134.0,9.507670214E7
S137,I743406,Sony Wh-1000xm5 Headphones,Electronics,83841.88901234568,1134.0,9.507670214E7
S117,I743406,Sony Wh-1000xm5 Headphones,Electronics,83841.88901234568,1134.0,9.507670214E7
S134,I743406,Sony Wh-1000xm5 Headphones,Electronics,83841.88901234568,1134.0,9.507670214E7
S130,I743406,Sony Wh-1000xm5 Headphones,Electronics,83841.88901234568,1134.0,9.507670214E7
S121,I743406,Sony Wh-1000xm5 Headphones,Electronics,83841.88901234568,1134.0,9.507670214E7
S114,I743406,Sony Wh-1000xm5 Headphones,Electronics,83841.88901234568,1134.0,9.507670214E7
S124,I743406,Sony Wh-1000xm5 Headphones,Electronics,83841.88901234568,1134.0,9.507670214E7
S111,I743406,Sony Wh-1000xm5 Headphones,Electronics,83841.88901234568,1134.0,9.507670214E7
S128,I743406,Sony Wh-1000xm5 Headphones,Electronics,83841.88901234568,1134.0,9.507670214E7
S116,I743406,Sony Wh-1000xm5 Headphones,Electronics,83841.88901234568,1134.0,9.507670214E7
S142,I743406,Sony Wh-1000xm5 Headphones,Electronics,83841.88901234568,1134.0,9.507670214E7
S132,I743406,Sony Wh-1000xm5 Headphones,Electronics,83841.88901234568,1134.0,9.507670214E7
S139,I743406,Sony Wh-1000xm5 Headphones,Electronics,83841.88901234568,1134.0,9.507670214E7
S127,I743406,Sony Wh-1000xm5 Headphones,Electronics,83841.88901234568,1134.0,9.507670214E7
S141,I743406,Sony Wh-1000xm5 Headphones,Electronics,83841.88901234568,1134.0,9.507670214E7
S140,I743406,Sony Wh-1000xm5 Headphones,Electronics,83841.88901234568,1134.0,9.507670214E7
S149,I748253,U.s. Polo T-shirt,Apparel,143873.85990333333,3000.0,4.3162157971E8
S105,I748253,U.s. Polo T-shirt,Apparel,143873.85990333333,3000.0,4.3162157971E8
S148,I748253,U.s. Polo T-shirt,Apparel,143873.85990333333,3000.0,4.3162157971E8
S106,I748253,U.s. Polo T-shirt,Apparel,143873.85990333333,3000.0,4.3162157971E8
S102,I748253,U.s. Polo T-shirt,Apparel,143873.85990333333,3000.0,4.3162157971E8
S104,I748253,U.s. Polo T-shirt,Apparel,143873.85990333333,3000.0,4.3162157971E8
S120,I748253,U.s. Polo T-shirt,Apparel,143873.85990333333,3000.0,4.3162157971E8
S143,I748253,U.s. Polo T-shirt,Apparel,143873.85990333333,3000.0,4.3162157971E8
S119,I748253,U.s. Polo T-shirt,Apparel,143873.85990333333,3000.0,4.3162157971E8
S145,I748253,U.s. Polo T-shirt,Apparel,143873.85990333333,3000.0,4.3162157971E8
S136,I748253,U.s. Polo T-shirt,Apparel,143873.85990333333,3000.0,4.3162157971E8
S115,I748253,U.s. Polo T-shirt,Apparel,143873.85990333333,3000.0,4.3162157971E8
S107,I748253,U.s. Polo T-shirt,Apparel,143873.85990333333,3000.0,4.3162157971E8
S110,I748253,U.s. Polo T-shirt,Apparel,143873.85990333333,3000.0,4.3162157971E8
S118,I748253,U.s. Polo T-shirt,Apparel,143873.85990333333,3000.0,4.3162157971E8
S101,I748253,U.s. Polo T-shirt,Apparel,143873.85990333333,3000.0,4.3162157971E8
S129,I748253,U.s. Polo T-shirt,Apparel,143873.85990333333,3000.0,4.3162157971E8
S126,I748253,U.s. Polo T-shirt,Apparel,143873.85990333333,3000.0,4.3162157971E8
S135,I748253,U.s. Polo T-shirt,Apparel,143873.85990333333,3000.0,4.3162157971E8
S131,I748253,U.s. Polo T-shirt,Apparel,143873.85990333333,3000.0,4.3162157971E8
S125,I748253,U.s. Polo T-shirt,Apparel,143873.85990333333,3000.0,4.3162157971E8
S108,I748253,U.s. Polo T-shirt,Apparel,143873.85990333333,3000.0,4.3162157971E8
S109,I748253,U.s. Polo T-shirt,Apparel,143873.85990333333,3000.0,4.3162157971E8
S146,I748253,U.s. Polo T-shirt,Apparel,143873.85990333333,3000.0,4.3162157971E8
S150,I748253,U.s. Polo T-shirt,Apparel,143873.85990333333,3000.0,4.3162157971E8
S103,I748253,U.s. Polo T-shirt,Apparel,143873.85990333333,3000.0,4.3162157971E8
S113,I748253,U.s. Polo T-shirt,Apparel,143873.85990333333,3000.0,4.3162157971E8
S147,I748253,U.s. Polo T-shirt,Apparel,143873.85990333333,3000.0,4.3162157971E8
S138,I748253,U.s. Polo T-shirt,Apparel,143873.85990333333,3000.0,4.3162157971E8
S100,I748253,U.s. Polo T-shirt,Apparel,143873.85990333333,3000.0,4.3162157971E8
S122,I748253,U.s. Polo T-shirt,Apparel,143873.85990333333,3000.0,4.3162157971E8
S133,I748253,U.s. Polo T-shirt,Apparel,143873.85990333333,3000.0,4.3162157971E8
S123,I748253,U.s. Polo T-shirt,Apparel,143873.85990333333,3000.0,4.3162157971E8
S144,I748253,U.s. Polo T-shirt,Apparel,143873.85990333333,3000.0,4.3162157971E8
S137,I748253,U.s. Polo T-shirt,Apparel,143873.85990333333,3000.0,4.3162157971E8
S117,I748253,U.s. Polo T-shirt,Apparel,143873.85990333333,3000.0,4.3162157971E8
S134,I748253,U.s. Polo T-shirt,Apparel,143873.85990333333,3000.0,4.3162157971E8
S130,I748253,U.s. Polo T-shirt,Apparel,143873.85990333333,3000.0,4.3162157971E8
S121,I748253,U.s. Polo T-shirt,Apparel,143873.85990333333,3000.0,4.3162157971E8
S114,I748253,U.s. Polo T-shirt,Apparel,143873.85990333333,3000.0,4.3162157971E8
S124,I748253,U.s. Polo T-shirt,Apparel,143873.85990333333,3000.0,4.3162157971E8
S111,I748253,U.s. Polo T-shirt,Apparel,143873.85990333333,3000.0,4.3162157971E8
S128,I748253,U.s. Polo T-shirt,Apparel,143873.85990333333,3000.0,4.3162157971E8
S116,I748253,U.s. Polo T-shirt,Apparel,143873.85990333333,3000.0,4.3162157971E8
S142,I748253,U.s. Polo T-shirt,Apparel,143873.85990333333,3000.0,4.3162157971E8
S132,I748253,U.s. Polo T-shirt,Apparel,143873.85990333333,3000.0,4.3162157971E8
S139,I748253,U.s. Polo T-shirt,Apparel,143873.85990333333,3000.0,4.3162157971E8
S127,I748253,U.s. Polo T-shirt,Apparel,143873.85990333333,3000.0,4.3162157971E8
S141,I748253,U.s. Polo T-shirt,Apparel,143873.85990333333,3000.0,4.3162157971E8
S140,I748253,U.s. Polo T-shirt,Apparel,143873.85990333333,3000.0,4.3162157971E8
S149,I763686,Levis Denim Jacket,Apparel,120101.87854427214,1999.0,2.4008365521E8
S105,I763686,Levis Denim Jacket,Apparel,120101.87854427214,1999.0,2.4008365521E8
S148,I763686,Levis Denim Jacket,Apparel,120101.87854427214,1999.0,2.4008365521E8
S106,I763686,Levis Denim Jacket,Apparel,120101.87854427214,1999.0,2.4008365521E8
S102,I763686,Levis Denim Jacket,Apparel,120101.87854427214,1999.0,2.4008365521E8
S104,I763686,Levis Denim Jacket,Apparel,120101.87854427214,1999.0,2.4008365521E8
S120,I763686,Levis Denim Jacket,Apparel,120101.87854427214,1999.0,2.4008365521E8
S143,I763686,Levis Denim Jacket,Apparel,120101.87854427214,1999.0,2.4008365521E8
S119,I763686,Levis Denim Jacket,Apparel,120101.87854427214,1999.0,2.4008365521E8
S145,I763686,Levis Denim Jacket,Apparel,120101.87854427214,1999.0,2.4008365521E8
S136,I763686,Levis Denim Jacket,Apparel,120101.87854427214,1999.0,2.4008365521E8
S115,I763686,Levis Denim Jacket,Apparel,120101.87854427214,1999.0,2.4008365521E8
S107,I763686,Levis Denim Jacket,Apparel,120101.87854427214,1999.0,2.4008365521E8
S110,I763686,Levis Denim Jacket,Apparel,120101.87854427214,1999.0,2.4008365521E8
S118,I763686,Levis Denim Jacket,Apparel,120101.87854427214,1999.0,2.4008365521E8
S101,I763686,Levis Denim Jacket,Apparel,120101.87854427214,1999.0,2.4008365521E8
S129,I763686,Levis Denim Jacket,Apparel,120101.87854427214,1999.0,2.4008365521E8
S126,I763686,Levis Denim Jacket,Apparel,120101.87854427214,1999.0,2.4008365521E8
S135,I763686,Levis Denim Jacket,Apparel,120101.87854427214,1999.0,2.4008365521E8
S131,I763686,Levis Denim Jacket,Apparel,120101.87854427214,1999.0,2.4008365521E8
S125,I763686,Levis Denim Jacket,Apparel,120101.87854427214,1999.0,2.4008365521E8
S109,I763686,Levis Denim Jacket,Apparel,120101.87854427214,1999.0,2.4008365521E8
S146,I763686,Levis Denim Jacket,Apparel,120101.87854427214,1999.0,2.4008365521E8
S112,I763686,Levis Denim Jacket,Apparel,120101.87854427214,1999.0,2.4008365521E8
S150,I763686,Levis Denim Jacket,Apparel,120101.87854427214,1999.0,2.4008365521E8
S103,I763686,Levis Denim Jacket,Apparel,120101.87854427214,1999.0,2.4008365521E8
S113,I763686,Levis Denim Jacket,Apparel,120101.87854427214,1999.0,2.4008365521E8
S147,I763686,Levis Denim Jacket,Apparel,120101.87854427214,1999.0,2.4008365521E8
S138,I763686,Levis Denim Jacket,Apparel,120101.87854427214,1999.0,2.4008365521E8
S100,I763686,Levis Denim Jacket,Apparel,120101.87854427214,1999.0,2.4008365521E8
S122,I763686,Levis Denim Jacket,Apparel,120101.87854427214,1999.0,2.4008365521E8
S133,I763686,Levis Denim Jacket,Apparel,120101.87854427214,1999.0,2.4008365521E8
S123,I763686,Levis Denim Jacket,Apparel,120101.87854427214,1999.0,2.4008365521E8
S144,I763686,Levis Denim Jacket,Apparel,120101.87854427214,1999.0,2.4008365521E8
S137,I763686,Levis Denim Jacket,Apparel,120101.87854427214,1999.0,2.4008365521E8
S117,I763686,Levis Denim Jacket,Apparel,120101.87854427214,1999.0,2.4008365521E8
S134,I763686,Levis Denim Jacket,Apparel,120101.87854427214,1999.0,2.4008365521E8
S130,I763686,Levis Denim Jacket,Apparel,120101.87854427214,1999.0,2.4008365521E8
S121,I763686,Levis Denim Jacket,Apparel,120101.87854427214,1999.0,2.4008365521E8
S114,I763686,Levis Denim Jacket,Apparel,120101.87854427214,1999.0,2.4008365521E8
S124,I763686,Levis Denim Jacket,Apparel,120101.87854427214,1999.0,2.4008365521E8
S111,I763686,Levis Denim Jacket,Apparel,120101.87854427214,1999.0,2.4008365521E8
S128,I763686,Levis Denim Jacket,Apparel,120101.87854427214,1999.0,2.4008365521E8
S116,I763686,Levis Denim Jacket,Apparel,120101.87854427214,1999.0,2.4008365521E8
S142,I763686,Levis Denim Jacket,Apparel,120101.87854427214,1999.0,2.4008365521E8
S132,I763686,Levis Denim Jacket,Apparel,120101.87854427214,1999.0,2.4008365521E8
S139,I763686,Levis Denim Jacket,Apparel,120101.87854427214,1999.0,2.4008365521E8
S127,I763686,Levis Denim Jacket,Apparel,120101.87854427214,1999.0,2.4008365521E8
S141,I763686,Levis Denim Jacket,Apparel,120101.87854427214,1999.0,2.4008365521E8
S140,I763686,Levis Denim Jacket,Apparel,120101.87854427214,1999.0,2.4008365521E8
S105,I76465,Zara Maxi Dress,Apparel,146620.11804,3000.0,4.3986035412E8
S148,I76465,Zara Maxi Dress,Apparel,146620.11804,3000.0,4.3986035412E8
S106,I76465,Zara Maxi Dress,Apparel,146620.11804,3000.0,4.3986035412E8
S102,I76465,Zara Maxi Dress,Apparel,146620.11804,3000.0,4.3986035412E8
S104,I76465,Zara Maxi Dress,Apparel,146620.11804,3000.0,4.3986035412E8
S120,I76465,Zara Maxi Dress,Apparel,146620.11804,3000.0,4.3986035412E8
S143,I76465,Zara Maxi Dress,Apparel,146620.11804,3000.0,4.3986035412E8
S119,I76465,Zara Maxi Dress,Apparel,146620.11804,3000.0,4.3986035412E8
S145,I76465,Zara Maxi Dress,Apparel,146620.11804,3000.0,4.3986035412E8
S136,I76465,Zara Maxi Dress,Apparel,146620.11804,3000.0,4.3986035412E8
S115,I76465,Zara Maxi Dress,Apparel,146620.11804,3000.0,4.3986035412E8
S107,I76465,Zara Maxi Dress,Apparel,146620.11804,3000.0,4.3986035412E8
S110,I76465,Zara Maxi Dress,Apparel,146620.11804,3000.0,4.3986035412E8
S118,I76465,Zara Maxi Dress,Apparel,146620.11804,3000.0,4.3986035412E8
S101,I76465,Zara Maxi Dress,Apparel,146620.11804,3000.0,4.3986035412E8
S129,I76465,Zara Maxi Dress,Apparel,146620.11804,3000.0,4.3986035412E8
S126,I76465,Zara Maxi Dress,Apparel,146620.11804,3000.0,4.3986035412E8
S135,I76465,Zara Maxi Dress,Apparel,146620.11804,3000.0,4.3986035412E8
S131,I76465,Zara Maxi Dress,Apparel,146620.11804,3000.0,4.3986035412E8
S125,I76465,Zara Maxi Dress,Apparel,146620.11804,3000.0,4.3986035412E8
S108,I76465,Zara Maxi Dress,Apparel,146620.11804,3000.0,4.3986035412E8
S109,I76465,Zara Maxi Dress,Apparel,146620.11804,3000.0,4.3986035412E8
S146,I76465,Zara Maxi Dress,Apparel,146620.11804,3000.0,4.3986035412E8
S112,I76465,Zara Maxi Dress,Apparel,146620.11804,3000.0,4.3986035412E8
S150,I76465,Zara Maxi Dress,Apparel,146620.11804,3000.0,4.3986035412E8
S103,I76465,Zara Maxi Dress,Apparel,146620.11804,3000.0,4.3986035412E8
S113,I76465,Zara Maxi Dress,Apparel,146620.11804,3000.0,4.3986035412E8
S147,I76465,Zara Maxi Dress,Apparel,146620.11804,3000.0,4.3986035412E8
S138,I76465,Zara Maxi Dress,Apparel,146620.11804,3000.0,4.3986035412E8
S100,I76465,Zara Maxi Dress,Apparel,146620.11804,3000.0,4.3986035412E8
S122,I76465,Zara Maxi Dress,Apparel,146620.11804,3000.0,4.3986035412E8
S133,I76465,Zara Maxi Dress,Apparel,146620.11804,3000.0,4.3986035412E8
S123,I76465,Zara Maxi Dress,Apparel,146620.11804,3000.0,4.3986035412E8
S144,I76465,Zara Maxi Dress,Apparel,146620.11804,3000.0,4.3986035412E8
S137,I76465,Zara Maxi Dress,Apparel,146620.11804,3000.0,4.3986035412E8
S117,I76465,Zara Maxi Dress,Apparel,146620.11804,3000.0,4.3986035412E8
S134,I76465,Zara Maxi Dress,Apparel,146620.11804,3000.0,4.3986035412E8
S130,I76465,Zara Maxi Dress,Apparel,146620.11804,3000.0,4.3986035412E8
S121,I76465,Zara Maxi Dress,Apparel,146620.11804,3000.0,4.3986035412E8
S114,I76465,Zara Maxi Dress,Apparel,146620.11804,3000.0,4.3986035412E8
S124,I76465,Zara Maxi Dress,Apparel,146620.11804,3000.0,4.3986035412E8
S111,I76465,Zara Maxi Dress,Apparel,146620.11804,3000.0,4.3986035412E8
S128,I76465,Zara Maxi Dress,Apparel,146620.11804,3000.0,4.3986035412E8
S116,I76465,Zara Maxi Dress,Apparel,146620.11804,3000.0,4.3986035412E8
S142,I76465,Zara Maxi Dress,Apparel,146620.11804,3000.0,4.3986035412E8
S132,I76465,Zara Maxi Dress,Apparel,146620.11804,3000.0,4.3986035412E8
S139,I76465,Zara Maxi Dress,Apparel,146620.11804,3000.0,4.3986035412E8
S127,I76465,Zara Maxi Dress,Apparel,146620.11804,3000.0,4.3986035412E8
S141,I76465,Zara Maxi Dress,Apparel,146620.11804,3000.0,4.3986035412E8
S140,I76465,Zara Maxi Dress,Apparel,146620.11804,3000.0,4.3986035412E8
S149,I804670,Bajaj Mixer Grinder,Home Appliances,87374.94736333334,3000.0,2.6212484209000003E8
S105,I804670,Bajaj Mixer Grinder,Home Appliances,87374.94736333334,3000.0,2.6212484209000003E8
S148,I804670,Bajaj Mixer Grinder,Home Appliances,87374.94736333334,3000.0,2.6212484209000003E8
S106,I804670,Bajaj Mixer Grinder,Home Appliances,87374.94736333334,3000.0,2.6212484209000003E8
S102,I804670,Bajaj Mixer Grinder,Home Appliances,87374.94736333334,3000.0,2.6212484209000003E8
S104,I804670,Bajaj Mixer Grinder,Home Appliances,87374.94736333334,3000.0,2.6212484209000003E8
S120,I804670,Bajaj Mixer Grinder,Home Appliances,87374.94736333334,3000.0,2.6212484209000003E8
S143,I804670,Bajaj Mixer Grinder,Home Appliances,87374.94736333334,3000.0,2.6212484209000003E8
S119,I804670,Bajaj Mixer Grinder,Home Appliances,87374.94736333334,3000.0,2.6212484209000003E8
S145,I804670,Bajaj Mixer Grinder,Home Appliances,87374.94736333334,3000.0,2.6212484209000003E8
S136,I804670,Bajaj Mixer Grinder,Home Appliances,87374.94736333334,3000.0,2.6212484209000003E8
S115,I804670,Bajaj Mixer Grinder,Home Appliances,87374.94736333334,3000.0,2.6212484209000003E8
S107,I804670,Bajaj Mixer Grinder,Home Appliances,87374.94736333334,3000.0,2.6212484209000003E8
S110,I804670,Bajaj Mixer Grinder,Home Appliances,87374.94736333334,3000.0,2.6212484209000003E8
S118,I804670,Bajaj Mixer Grinder,Home Appliances,87374.94736333334,3000.0,2.6212484209000003E8
S101,I804670,Bajaj Mixer Grinder,Home Appliances,87374.94736333334,3000.0,2.6212484209000003E8
S129,I804670,Bajaj Mixer Grinder,Home Appliances,87374.94736333334,3000.0,2.6212484209000003E8
S126,I804670,Bajaj Mixer Grinder,Home Appliances,87374.94736333334,3000.0,2.6212484209000003E8
S135,I804670,Bajaj Mixer Grinder,Home Appliances,87374.94736333334,3000.0,2.6212484209000003E8
S131,I804670,Bajaj Mixer Grinder,Home Appliances,87374.94736333334,3000.0,2.6212484209000003E8
S125,I804670,Bajaj Mixer Grinder,Home Appliances,87374.94736333334,3000.0,2.6212484209000003E8
S108,I804670,Bajaj Mixer Grinder,Home Appliances,87374.94736333334,3000.0,2.6212484209000003E8
S109,I804670,Bajaj Mixer Grinder,Home Appliances,87374.94736333334,3000.0,2.6212484209000003E8
S146,I804670,Bajaj Mixer Grinder,Home Appliances,87374.94736333334,3000.0,2.6212484209000003E8
S112,I804670,Bajaj Mixer Grinder,Home Appliances,87374.94736333334,3000.0,2.6212484209000003E8
S150,I804670,Bajaj Mixer Grinder,Home Appliances,87374.94736333334,3000.0,2.6212484209000003E8
S103,I804670,Bajaj Mixer Grinder,Home Appliances,87374.94736333334,3000.0,2.6212484209000003E8
S113,I804670,Bajaj Mixer Grinder,Home Appliances,87374.94736333334,3000.0,2.6212484209000003E8
S147,I804670,Bajaj Mixer Grinder,Home Appliances,87374.94736333334,3000.0,2.6212484209000003E8
S138,I804670,Bajaj Mixer Grinder,Home Appliances,87374.94736333334,3000.0,2.6212484209000003E8
S100,I804670,Bajaj Mixer Grinder,Home Appliances,87374.94736333334,3000.0,2.6212484209000003E8
S122,I804670,Bajaj Mixer Grinder,Home Appliances,87374.94736333334,3000.0,2.6212484209000003E8
S133,I804670,Bajaj Mixer Grinder,Home Appliances,87374.94736333334,3000.0,2.6212484209000003E8
S123,I804670,Bajaj Mixer Grinder,Home Appliances,87374.94736333334,3000.0,2.6212484209000003E8
S144,I804670,Bajaj Mixer Grinder,Home Appliances,87374.94736333334,3000.0,2.6212484209000003E8
S137,I804670,Bajaj Mixer Grinder,Home Appliances,87374.94736333334,3000.0,2.6212484209000003E8
S117,I804670,Bajaj Mixer Grinder,Home Appliances,87374.94736333334,3000.0,2.6212484209000003E8
S134,I804670,Bajaj Mixer Grinder,Home Appliances,87374.94736333334,3000.0,2.6212484209000003E8
S121,I804670,Bajaj Mixer Grinder,Home Appliances,87374.94736333334,3000.0,2.6212484209000003E8
S114,I804670,Bajaj Mixer Grinder,Home Appliances,87374.94736333334,3000.0,2.6212484209000003E8
S124,I804670,Bajaj Mixer Grinder,Home Appliances,87374.94736333334,3000.0,2.6212484209000003E8
S111,I804670,Bajaj Mixer Grinder,Home Appliances,87374.94736333334,3000.0,2.6212484209000003E8
S128,I804670,Bajaj Mixer Grinder,Home Appliances,87374.94736333334,3000.0,2.6212484209000003E8
S116,I804670,Bajaj Mixer Grinder,Home Appliances,87374.94736333334,3000.0,2.6212484209000003E8
S142,I804670,Bajaj Mixer Grinder,Home Appliances,87374.94736333334,3000.0,2.6212484209000003E8
S132,I804670,Bajaj Mixer Grinder,Home Appliances,87374.94736333334,3000.0,2.6212484209000003E8
S139,I804670,Bajaj Mixer Grinder,Home Appliances,87374.94736333334,3000.0,2.6212484209000003E8
S127,I804670,Bajaj Mixer Grinder,Home Appliances,87374.94736333334,3000.0,2.6212484209000003E8
S141,I804670,Bajaj Mixer Grinder,Home Appliances,87374.94736333334,3000.0,2.6212484209000003E8
S140,I804670,Bajaj Mixer Grinder,Home Appliances,87374.94736333334,3000.0,2.6212484209000003E8
S149,I80771,Boat Smartwatch,Electronics,97930.79075666665,3000.0,2.9379237227E8
S105,I80771,Boat Smartwatch,Electronics,97930.79075666665,3000.0,2.9379237227E8
S148,I80771,Boat Smartwatch,Electronics,97930.79075666665,3000.0,2.9379237227E8
S106,I80771,Boat Smartwatch,Electronics,97930.79075666665,3000.0,2.9379237227E8
S102,I80771,Boat Smartwatch,Electronics,97930.79075666665,3000.0,2.9379237227E8
S104,I80771,Boat Smartwatch,Electronics,97930.79075666665,3000.0,2.9379237227E8
S120,I80771,Boat Smartwatch,Electronics,97930.79075666665,3000.0,2.9379237227E8
S143,I80771,Boat Smartwatch,Electronics,97930.79075666665,3000.0,2.9379237227E8
S119,I80771,Boat Smartwatch,Electronics,97930.79075666665,3000.0,2.9379237227E8
S145,I80771,Boat Smartwatch,Electronics,97930.79075666665,3000.0,2.9379237227E8
S136,I80771,Boat Smartwatch,Electronics,97930.79075666665,3000.0,2.9379237227E8
S107,I80771,Boat Smartwatch,Electronics,97930.79075666665,3000.0,2.9379237227E8
S110,I80771,Boat Smartwatch,Electronics,97930.79075666665,3000.0,2.9379237227E8
S118,I80771,Boat Smartwatch,Electronics,97930.79075666665,3000.0,2.9379237227E8
S101,I80771,Boat Smartwatch,Electronics,97930.79075666665,3000.0,2.9379237227E8
S129,I80771,Boat Smartwatch,Electronics,97930.79075666665,3000.0,2.9379237227E8
S126,I80771,Boat Smartwatch,Electronics,97930.79075666665,3000.0,2.9379237227E8
S135,I80771,Boat Smartwatch,Electronics,97930.79075666665,3000.0,2.9379237227E8
S131,I80771,Boat Smartwatch,Electronics,97930.79075666665,3000.0,2.9379237227E8
S125,I80771,Boat Smartwatch,Electronics,97930.79075666665,3000.0,2.9379237227E8
S108,I80771,Boat Smartwatch,Electronics,97930.79075666665,3000.0,2.9379237227E8
S109,I80771,Boat Smartwatch,Electronics,97930.79075666665,3000.0,2.9379237227E8
S146,I80771,Boat Smartwatch,Electronics,97930.79075666665,3000.0,2.9379237227E8
S112,I80771,Boat Smartwatch,Electronics,97930.79075666665,3000.0,2.9379237227E8
S150,I80771,Boat Smartwatch,Electronics,97930.79075666665,3000.0,2.9379237227E8
S103,I80771,Boat Smartwatch,Electronics,97930.79075666665,3000.0,2.9379237227E8
S113,I80771,Boat Smartwatch,Electronics,97930.79075666665,3000.0,2.9379237227E8
S147,I80771,Boat Smartwatch,Electronics,97930.79075666665,3000.0,2.9379237227E8
S138,I80771,Boat Smartwatch,Electronics,97930.79075666665,3000.0,2.9379237227E8
S100,I80771,Boat Smartwatch,Electronics,97930.79075666665,3000.0,2.9379237227E8
S122,I80771,Boat Smartwatch,Electronics,97930.79075666665,3000.0,2.9379237227E8
S133,I80771,Boat Smartwatch,Electronics,97930.79075666665,3000.0,2.9379237227E8
S123,I80771,Boat Smartwatch,Electronics,97930.79075666665,3000.0,2.9379237227E8
S144,I80771,Boat Smartwatch,Electronics,97930.79075666665,3000.0,2.9379237227E8
S137,I80771,Boat Smartwatch,Electronics,97930.79075666665,3000.0,2.9379237227E8
S117,I80771,Boat Smartwatch,Electronics,97930.79075666665,3000.0,2.9379237227E8
S134,I80771,Boat Smartwatch,Electronics,97930.79075666665,3000.0,2.9379237227E8
S130,I80771,Boat Smartwatch,Electronics,97930.79075666665,3000.0,2.9379237227E8
S121,I80771,Boat Smartwatch,Electronics,97930.79075666665,3000.0,2.9379237227E8
S114,I80771,Boat Smartwatch,Electronics,97930.79075666665,3000.0,2.9379237227E8
S124,I80771,Boat Smartwatch,Electronics,97930.79075666665,3000.0,2.9379237227E8
S111,I80771,Boat Smartwatch,Electronics,97930.79075666665,3000.0,2.9379237227E8
S128,I80771,Boat Smartwatch,Electronics,97930.79075666665,3000.0,2.9379237227E8
S116,I80771,Boat Smartwatch,Electronics,97930.79075666665,3000.0,2.9379237227E8
S142,I80771,Boat Smartwatch,Electronics,97930.79075666665,3000.0,2.9379237227E8
S132,I80771,Boat Smartwatch,Electronics,97930.79075666665,3000.0,2.9379237227E8
S139,I80771,Boat Smartwatch,Electronics,97930.79075666665,3000.0,2.9379237227E8
S127,I80771,Boat Smartwatch,Electronics,97930.79075666665,3000.0,2.9379237227E8
S141,I80771,Boat Smartwatch,Electronics,97930.79075666665,3000.0,2.9379237227E8
S140,I80771,Boat Smartwatch,Electronics,97930.79075666665,3000.0,2.9379237227E8
S149,I824739,Dell Xps 13 Laptop,Electronics,49244.03551666667,3000.0,1.4773210655E8
S105,I824739,Dell Xps 13 Laptop,Electronics,49244.03551666667,3000.0,1.4773210655E8
S148,I824739,Dell Xps 13 Laptop,Electronics,49244.03551666667,3000.0,1.4773210655E8
S106,I824739,Dell Xps 13 Laptop,Electronics,49244.03551666667,3000.0,1.4773210655E8
S102,I824739,Dell Xps 13 Laptop,Electronics,49244.03551666667,3000.0,1.4773210655E8
S104,I824739,Dell Xps 13 Laptop,Electronics,49244.03551666667,3000.0,1.4773210655E8
S120,I824739,Dell Xps 13 Laptop,Electronics,49244.03551666667,3000.0,1.4773210655E8
S143,I824739,Dell Xps 13 Laptop,Electronics,49244.03551666667,3000.0,1.4773210655E8
S119,I824739,Dell Xps 13 Laptop,Electronics,49244.03551666667,3000.0,1.4773210655E8
S145,I824739,Dell Xps 13 Laptop,Electronics,49244.03551666667,3000.0,1.4773210655E8
S136,I824739,Dell Xps 13 Laptop,Electronics,49244.03551666667,3000.0,1.4773210655E8
S115,I824739,Dell Xps 13 Laptop,Electronics,49244.03551666667,3000.0,1.4773210655E8
S107,I824739,Dell Xps 13 Laptop,Electronics,49244.03551666667,3000.0,1.4773210655E8
S110,I824739,Dell Xps 13 Laptop,Electronics,49244.03551666667,3000.0,1.4773210655E8
S118,I824739,Dell Xps 13 Laptop,Electronics,49244.03551666667,3000.0,1.4773210655E8
S101,I824739,Dell Xps 13 Laptop,Electronics,49244.03551666667,3000.0,1.4773210655E8
S129,I824739,Dell Xps 13 Laptop,Electronics,49244.03551666667,3000.0,1.4773210655E8
S126,I824739,Dell Xps 13 Laptop,Electronics,49244.03551666667,3000.0,1.4773210655E8
S135,I824739,Dell Xps 13 Laptop,Electronics,49244.03551666667,3000.0,1.4773210655E8
S131,I824739,Dell Xps 13 Laptop,Electronics,49244.03551666667,3000.0,1.4773210655E8
S125,I824739,Dell Xps 13 Laptop,Electronics,49244.03551666667,3000.0,1.4773210655E8
S108,I824739,Dell Xps 13 Laptop,Electronics,49244.03551666667,3000.0,1.4773210655E8
S109,I824739,Dell Xps 13 Laptop,Electronics,49244.03551666667,3000.0,1.4773210655E8
S146,I824739,Dell Xps 13 Laptop,Electronics,49244.03551666667,3000.0,1.4773210655E8
S112,I824739,Dell Xps 13 Laptop,Electronics,49244.03551666667,3000.0,1.4773210655E8
S150,I824739,Dell Xps 13 Laptop,Electronics,49244.03551666667,3000.0,1.4773210655E8
S103,I824739,Dell Xps 13 Laptop,Electronics,49244.03551666667,3000.0,1.4773210655E8
S113,I824739,Dell Xps 13 Laptop,Electronics,49244.03551666667,3000.0,1.4773210655E8
S147,I824739,Dell Xps 13 Laptop,Electronics,49244.03551666667,3000.0,1.4773210655E8
S138,I824739,Dell Xps 13 Laptop,Electronics,49244.03551666667,3000.0,1.4773210655E8
S100,I824739,Dell Xps 13 Laptop,Electronics,49244.03551666667,3000.0,1.4773210655E8
S122,I824739,Dell Xps 13 Laptop,Electronics,49244.03551666667,3000.0,1.4773210655E8
S123,I824739,Dell Xps 13 Laptop,Electronics,49244.03551666667,3000.0,1.4773210655E8
S144,I824739,Dell Xps 13 Laptop,Electronics,49244.03551666667,3000.0,1.4773210655E8
S137,I824739,Dell Xps 13 Laptop,Electronics,49244.03551666667,3000.0,1.4773210655E8
S117,I824739,Dell Xps 13 Laptop,Electronics,49244.03551666667,3000.0,1.4773210655E8
S134,I824739,Dell Xps 13 Laptop,Electronics,49244.03551666667,3000.0,1.4773210655E8
S130,I824739,Dell Xps 13 Laptop,Electronics,49244.03551666667,3000.0,1.4773210655E8
S121,I824739,Dell Xps 13 Laptop,Electronics,49244.03551666667,3000.0,1.4773210655E8
S114,I824739,Dell Xps 13 Laptop,Electronics,49244.03551666667,3000.0,1.4773210655E8
S124,I824739,Dell Xps 13 Laptop,Electronics,49244.03551666667,3000.0,1.4773210655E8
S111,I824739,Dell Xps 13 Laptop,Electronics,49244.03551666667,3000.0,1.4773210655E8
S128,I824739,Dell Xps 13 Laptop,Electronics,49244.03551666667,3000.0,1.4773210655E8
S116,I824739,Dell Xps 13 Laptop,Electronics,49244.03551666667,3000.0,1.4773210655E8
S142,I824739,Dell Xps 13 Laptop,Electronics,49244.03551666667,3000.0,1.4773210655E8
S132,I824739,Dell Xps 13 Laptop,Electronics,49244.03551666667,3000.0,1.4773210655E8
S139,I824739,Dell Xps 13 Laptop,Electronics,49244.03551666667,3000.0,1.4773210655E8
S127,I824739,Dell Xps 13 Laptop,Electronics,49244.03551666667,3000.0,1.4773210655E8
S141,I824739,Dell Xps 13 Laptop,Electronics,49244.03551666667,3000.0,1.4773210655E8
S140,I824739,Dell Xps 13 Laptop,Electronics,49244.03551666667,3000.0,1.4773210655E8
S149,I846380,Apple Iphone 15 Pro,Electronics,5133.925155945419,2052.0,1.053481442E7
S105,I846380,Apple Iphone 15 Pro,Electronics,5133.925155945419,2052.0,1.053481442E7
S148,I846380,Apple Iphone 15 Pro,Electronics,5133.925155945419,2052.0,1.053481442E7
S106,I846380,Apple Iphone 15 Pro,Electronics,5133.925155945419,2052.0,1.053481442E7
S102,I846380,Apple Iphone 15 Pro,Electronics,5133.925155945419,2052.0,1.053481442E7
S104,I846380,Apple Iphone 15 Pro,Electronics,5133.925155945419,2052.0,1.053481442E7
S120,I846380,Apple Iphone 15 Pro,Electronics,5133.925155945419,2052.0,1.053481442E7
S143,I846380,Apple Iphone 15 Pro,Electronics,5133.925155945419,2052.0,1.053481442E7
S119,I846380,Apple Iphone 15 Pro,Electronics,5133.925155945419,2052.0,1.053481442E7
S145,I846380,Apple Iphone 15 Pro,Electronics,5133.925155945419,2052.0,1.053481442E7
S136,I846380,Apple Iphone 15 Pro,Electronics,5133.925155945419,2052.0,1.053481442E7
S115,I846380,Apple Iphone 15 Pro,Electronics,5133.925155945419,2052.0,1.053481442E7
S107,I846380,Apple Iphone 15 Pro,Electronics,5133.925155945419,2052.0,1.053481442E7
S110,I846380,Apple Iphone 15 Pro,Electronics,5133.925155945419,2052.0,1.053481442E7
S118,I846380,Apple Iphone 15 Pro,Electronics,5133.925155945419,2052.0,1.053481442E7
S129,I846380,Apple Iphone 15 Pro,Electronics,5133.925155945419,2052.0,1.053481442E7
S126,I846380,Apple Iphone 15 Pro,Electronics,5133.925155945419,2052.0,1.053481442E7
S135,I846380,Apple Iphone 15 Pro,Electronics,5133.925155945419,2052.0,1.053481442E7
S131,I846380,Apple Iphone 15 Pro,Electronics,5133.925155945419,2052.0,1.053481442E7
S125,I846380,Apple Iphone 15 Pro,Electronics,5133.925155945419,2052.0,1.053481442E7
S108,I846380,Apple Iphone 15 Pro,Electronics,5133.925155945419,2052.0,1.053481442E7
S109,I846380,Apple Iphone 15 Pro,Electronics,5133.925155945419,2052.0,1.053481442E7
S146,I846380,Apple Iphone 15 Pro,Electronics,5133.925155945419,2052.0,1.053481442E7
S112,I846380,Apple Iphone 15 Pro,Electronics,5133.925155945419,2052.0,1.053481442E7
S150,I846380,Apple Iphone 15 Pro,Electronics,5133.925155945419,2052.0,1.053481442E7
S103,I846380,Apple Iphone 15 Pro,Electronics,5133.925155945419,2052.0,1.053481442E7
S113,I846380,Apple Iphone 15 Pro,Electronics,5133.925155945419,2052.0,1.053481442E7
S147,I846380,Apple Iphone 15 Pro,Electronics,5133.925155945419,2052.0,1.053481442E7
S138,I846380,Apple Iphone 15 Pro,Electronics,5133.925155945419,2052.0,1.053481442E7
S100,I846380,Apple Iphone 15 Pro,Electronics,5133.925155945419,2052.0,1.053481442E7
S122,I846380,Apple Iphone 15 Pro,Electronics,5133.925155945419,2052.0,1.053481442E7
S133,I846380,Apple Iphone 15 Pro,Electronics,5133.925155945419,2052.0,1.053481442E7
S123,I846380,Apple Iphone 15 Pro,Electronics,5133.925155945419,2052.0,1.053481442E7
S144,I846380,Apple Iphone 15 Pro,Electronics,5133.925155945419,2052.0,1.053481442E7
S137,I846380,Apple Iphone 15 Pro,Electronics,5133.925155945419,2052.0,1.053481442E7
S117,I846380,Apple Iphone 15 Pro,Electronics,5133.925155945419,2052.0,1.053481442E7
S134,I846380,Apple Iphone 15 Pro,Electronics,5133.925155945419,2052.0,1.053481442E7
S130,I846380,Apple Iphone 15 Pro,Electronics,5133.925155945419,2052.0,1.053481442E7
S121,I846380,Apple Iphone 15 Pro,Electronics,5133.925155945419,2052.0,1.053481442E7
S114,I846380,Apple Iphone 15 Pro,Electronics,5133.925155945419,2052.0,1.053481442E7
S124,I846380,Apple Iphone 15 Pro,Electronics,5133.925155945419,2052.0,1.053481442E7
S111,I846380,Apple Iphone 15 Pro,Electronics,5133.925155945419,2052.0,1.053481442E7
S128,I846380,Apple Iphone 15 Pro,Electronics,5133.925155945419,2052.0,1.053481442E7
S116,I846380,Apple Iphone 15 Pro,Electronics,5133.925155945419,2052.0,1.053481442E7
S142,I846380,Apple Iphone 15 Pro,Electronics,5133.925155945419,2052.0,1.053481442E7
S132,I846380,Apple Iphone 15 Pro,Electronics,5133.925155945419,2052.0,1.053481442E7
S139,I846380,Apple Iphone 15 Pro,Electronics,5133.925155945419,2052.0,1.053481442E7
S127,I846380,Apple Iphone 15 Pro,Electronics,5133.925155945419,2052.0,1.053481442E7
S141,I846380,Apple Iphone 15 Pro,Electronics,5133.925155945419,2052.0,1.053481442E7
S140,I846380,Apple Iphone 15 Pro,Electronics,5133.925155945419,2052.0,1.053481442E7
S149,I850490,U.s. Polo T-shirt,Apparel,85664.95745200697,573.0,4.908602062E7
S105,I850490,U.s. Polo T-shirt,Apparel,85664.95745200697,573.0,4.908602062E7
S148,I850490,U.s. Polo T-shirt,Apparel,85664.95745200697,573.0,4.908602062E7
S106,I850490,U.s. Polo T-shirt,Apparel,85664.95745200697,573.0,4.908602062E7
S102,I850490,U.s. Polo T-shirt,Apparel,85664.95745200697,573.0,4.908602062E7
S104,I850490,U.s. Polo T-shirt,Apparel,85664.95745200697,573.0,4.908602062E7
S120,I850490,U.s. Polo T-shirt,Apparel,85664.95745200697,573.0,4.908602062E7
S143,I850490,U.s. Polo T-shirt,Apparel,85664.95745200697,573.0,4.908602062E7
S119,I850490,U.s. Polo T-shirt,Apparel,85664.95745200697,573.0,4.908602062E7
S145,I850490,U.s. Polo T-shirt,Apparel,85664.95745200697,573.0,4.908602062E7
S136,I850490,U.s. Polo T-shirt,Apparel,85664.95745200697,573.0,4.908602062E7
S115,I850490,U.s. Polo T-shirt,Apparel,85664.95745200697,573.0,4.908602062E7
S107,I850490,U.s. Polo T-shirt,Apparel,85664.95745200697,573.0,4.908602062E7
S110,I850490,U.s. Polo T-shirt,Apparel,85664.95745200697,573.0,4.908602062E7
S118,I850490,U.s. Polo T-shirt,Apparel,85664.95745200697,573.0,4.908602062E7
S101,I850490,U.s. Polo T-shirt,Apparel,85664.95745200697,573.0,4.908602062E7
S129,I850490,U.s. Polo T-shirt,Apparel,85664.95745200697,573.0,4.908602062E7
S126,I850490,U.s. Polo T-shirt,Apparel,85664.95745200697,573.0,4.908602062E7
S135,I850490,U.s. Polo T-shirt,Apparel,85664.95745200697,573.0,4.908602062E7
S131,I850490,U.s. Polo T-shirt,Apparel,85664.95745200697,573.0,4.908602062E7
S125,I850490,U.s. Polo T-shirt,Apparel,85664.95745200697,573.0,4.908602062E7
S108,I850490,U.s. Polo T-shirt,Apparel,85664.95745200697,573.0,4.908602062E7
S109,I850490,U.s. Polo T-shirt,Apparel,85664.95745200697,573.0,4.908602062E7
S146,I850490,U.s. Polo T-shirt,Apparel,85664.95745200697,573.0,4.908602062E7
S112,I850490,U.s. Polo T-shirt,Apparel,85664.95745200697,573.0,4.908602062E7
S150,I850490,U.s. Polo T-shirt,Apparel,85664.95745200697,573.0,4.908602062E7
S103,I850490,U.s. Polo T-shirt,Apparel,85664.95745200697,573.0,4.908602062E7
S113,I850490,U.s. Polo T-shirt,Apparel,85664.95745200697,573.0,4.908602062E7
S147,I850490,U.s. Polo T-shirt,Apparel,85664.95745200697,573.0,4.908602062E7
S138,I850490,U.s. Polo T-shirt,Apparel,85664.95745200697,573.0,4.908602062E7
S100,I850490,U.s. Polo T-shirt,Apparel,85664.95745200697,573.0,4.908602062E7
S122,I850490,U.s. Polo T-shirt,Apparel,85664.95745200697,573.0,4.908602062E7
S133,I850490,U.s. Polo T-shirt,Apparel,85664.95745200697,573.0,4.908602062E7
S123,I850490,U.s. Polo T-shirt,Apparel,85664.95745200697,573.0,4.908602062E7
S144,I850490,U.s. Polo T-shirt,Apparel,85664.95745200697,573.0,4.908602062E7
S137,I850490,U.s. Polo T-shirt,Apparel,85664.95745200697,573.0,4.908602062E7
S117,I850490,U.s. Polo T-shirt,Apparel,85664.95745200697,573.0,4.908602062E7
S134,I850490,U.s. Polo T-shirt,Apparel,85664.95745200697,573.0,4.908602062E7
S130,I850490,U.s. Polo T-shirt,Apparel,85664.95745200697,573.0,4.908602062E7
S121,I850490,U.s. Polo T-shirt,Apparel,85664.95745200697,573.0,4.908602062E7
S124,I850490,U.s. Polo T-shirt,Apparel,85664.95745200697,573.0,4.908602062E7
S111,I850490,U.s. Polo T-shirt,Apparel,85664.95745200697,573.0,4.908602062E7
S128,I850490,U.s. Polo T-shirt,Apparel,85664.95745200697,573.0,4.908602062E7
S116,I850490,U.s. Polo T-shirt,Apparel,85664.95745200697,573.0,4.908602062E7
S142,I850490,U.s. Polo T-shirt,Apparel,85664.95745200697,573.0,4.908602062E7
S132,I850490,U.s. Polo T-shirt,Apparel,85664.95745200697,573.0,4.908602062E7
S139,I850490,U.s. Polo T-shirt,Apparel,85664.95745200697,573.0,4.908602062E7
S127,I850490,U.s. Polo T-shirt,Apparel,85664.95745200697,573.0,4.908602062E7
S141,I850490,U.s. Polo T-shirt,Apparel,85664.95745200697,573.0,4.908602062E7
S140,I850490,U.s. Polo T-shirt,Apparel,85664.95745200697,573.0,4.908602062E7
S149,I861519,Dell Xps 13 Laptop,Electronics,48746.32792333334,3000.0,1.4623898377E8
S105,I861519,Dell Xps 13 Laptop,Electronics,48746.32792333334,3000.0,1.4623898377E8
S148,I861519,Dell Xps 13 Laptop,Electronics,48746.32792333334,3000.0,1.4623898377E8
S106,I861519,Dell Xps 13 Laptop,Electronics,48746.32792333334,3000.0,1.4623898377E8
S102,I861519,Dell Xps 13 Laptop,Electronics,48746.32792333334,3000.0,1.4623898377E8
S104,I861519,Dell Xps 13 Laptop,Electronics,48746.32792333334,3000.0,1.4623898377E8
S143,I861519,Dell Xps 13 Laptop,Electronics,48746.32792333334,3000.0,1.4623898377E8
S119,I861519,Dell Xps 13 Laptop,Electronics,48746.32792333334,3000.0,1.4623898377E8
S145,I861519,Dell Xps 13 Laptop,Electronics,48746.32792333334,3000.0,1.4623898377E8
S136,I861519,Dell Xps 13 Laptop,Electronics,48746.32792333334,3000.0,1.4623898377E8
S115,I861519,Dell Xps 13 Laptop,Electronics,48746.32792333334,3000.0,1.4623898377E8
S107,I861519,Dell Xps 13 Laptop,Electronics,48746.32792333334,3000.0,1.4623898377E8
S110,I861519,Dell Xps 13 Laptop,Electronics,48746.32792333334,3000.0,1.4623898377E8
S118,I861519,Dell Xps 13 Laptop,Electronics,48746.32792333334,3000.0,1.4623898377E8
S101,I861519,Dell Xps 13 Laptop,Electronics,48746.32792333334,3000.0,1.4623898377E8
S129,I861519,Dell Xps 13 Laptop,Electronics,48746.32792333334,3000.0,1.4623898377E8
S126,I861519,Dell Xps 13 Laptop,Electronics,48746.32792333334,3000.0,1.4623898377E8
S135,I861519,Dell Xps 13 Laptop,Electronics,48746.32792333334,3000.0,1.4623898377E8
S131,I861519,Dell Xps 13 Laptop,Electronics,48746.32792333334,3000.0,1.4623898377E8
S125,I861519,Dell Xps 13 Laptop,Electronics,48746.32792333334,3000.0,1.4623898377E8
S108,I861519,Dell Xps 13 Laptop,Electronics,48746.32792333334,3000.0,1.4623898377E8
S109,I861519,Dell Xps 13 Laptop,Electronics,48746.32792333334,3000.0,1.4623898377E8
S146,I861519,Dell Xps 13 Laptop,Electronics,48746.32792333334,3000.0,1.4623898377E8
S112,I861519,Dell Xps 13 Laptop,Electronics,48746.32792333334,3000.0,1.4623898377E8
S150,I861519,Dell Xps 13 Laptop,Electronics,48746.32792333334,3000.0,1.4623898377E8
S103,I861519,Dell Xps 13 Laptop,Electronics,48746.32792333334,3000.0,1.4623898377E8
S113,I861519,Dell Xps 13 Laptop,Electronics,48746.32792333334,3000.0,1.4623898377E8
S147,I861519,Dell Xps 13 Laptop,Electronics,48746.32792333334,3000.0,1.4623898377E8
S138,I861519,Dell Xps 13 Laptop,Electronics,48746.32792333334,3000.0,1.4623898377E8
S100,I861519,Dell Xps 13 Laptop,Electronics,48746.32792333334,3000.0,1.4623898377E8
S122,I861519,Dell Xps 13 Laptop,Electronics,48746.32792333334,3000.0,1.4623898377E8
S133,I861519,Dell Xps 13 Laptop,Electronics,48746.32792333334,3000.0,1.4623898377E8
S123,I861519,Dell Xps 13 Laptop,Electronics,48746.32792333334,3000.0,1.4623898377E8
S144,I861519,Dell Xps 13 Laptop,Electronics,48746.32792333334,3000.0,1.4623898377E8
S137,I861519,Dell Xps 13 Laptop,Electronics,48746.32792333334,3000.0,1.4623898377E8
S117,I861519,Dell Xps 13 Laptop,Electronics,48746.32792333334,3000.0,1.4623898377E8
S134,I861519,Dell Xps 13 Laptop,Electronics,48746.32792333334,3000.0,1.4623898377E8
S130,I861519,Dell Xps 13 Laptop,Electronics,48746.32792333334,3000.0,1.4623898377E8
S121,I861519,Dell Xps 13 Laptop,Electronics,48746.32792333334,3000.0,1.4623898377E8
S114,I861519,Dell Xps 13 Laptop,Electronics,48746.32792333334,3000.0,1.4623898377E8
S124,I861519,Dell Xps 13 Laptop,Electronics,48746.32792333334,3000.0,1.4623898377E8
S111,I861519,Dell Xps 13 Laptop,Electronics,48746.32792333334,3000.0,1.4623898377E8
S128,I861519,Dell Xps 13 Laptop,Electronics,48746.32792333334,3000.0,1.4623898377E8
S116,I861519,Dell Xps 13 Laptop,Electronics,48746.32792333334,3000.0,1.4623898377E8
S142,I861519,Dell Xps 13 Laptop,Electronics,48746.32792333334,3000.0,1.4623898377E8
S132,I861519,Dell Xps 13 Laptop,Electronics,48746.32792333334,3000.0,1.4623898377E8
S139,I861519,Dell Xps 13 Laptop,Electronics,48746.32792333334,3000.0,1.4623898377E8
S127,I861519,Dell Xps 13 Laptop,Electronics,48746.32792333334,3000.0,1.4623898377E8
S141,I861519,Dell Xps 13 Laptop,Electronics,48746.32792333334,3000.0,1.4623898377E8
S140,I861519,Dell Xps 13 Laptop,Electronics,48746.32792333334,3000.0,1.4623898377E8
S149,I868370,H&m Cotton Shirt,Apparel,95325.60781666666,3000.0,2.8597682345E8
S105,I868370,H&m Cotton Shirt,Apparel,95325.60781666666,3000.0,2.8597682345E8
S148,I868370,H&m Cotton Shirt,Apparel,95325.60781666666,3000.0,2.8597682345E8
S106,I868370,H&m Cotton Shirt,Apparel,95325.60781666666,3000.0,2.8597682345E8
S102,I868370,H&m Cotton Shirt,Apparel,95325.60781666666,3000.0,2.8597682345E8
S104,I868370,H&m Cotton Shirt,Apparel,95325.60781666666,3000.0,2.8597682345E8
S120,I868370,H&m Cotton Shirt,Apparel,95325.60781666666,3000.0,2.8597682345E8
S143,I868370,H&m Cotton Shirt,Apparel,95325.60781666666,3000.0,2.8597682345E8
S119,I868370,H&m Cotton Shirt,Apparel,95325.60781666666,3000.0,2.8597682345E8
S145,I868370,H&m Cotton Shirt,Apparel,95325.60781666666,3000.0,2.8597682345E8
S136,I868370,H&m Cotton Shirt,Apparel,95325.60781666666,3000.0,2.8597682345E8
S115,I868370,H&m Cotton Shirt,Apparel,95325.60781666666,3000.0,2.8597682345E8
S107,I868370,H&m Cotton Shirt,Apparel,95325.60781666666,3000.0,2.8597682345E8
S110,I868370,H&m Cotton Shirt,Apparel,95325.60781666666,3000.0,2.8597682345E8
S118,I868370,H&m Cotton Shirt,Apparel,95325.60781666666,3000.0,2.8597682345E8
S101,I868370,H&m Cotton Shirt,Apparel,95325.60781666666,3000.0,2.8597682345E8
S129,I868370,H&m Cotton Shirt,Apparel,95325.60781666666,3000.0,2.8597682345E8
S126,I868370,H&m Cotton Shirt,Apparel,95325.60781666666,3000.0,2.8597682345E8
S135,I868370,H&m Cotton Shirt,Apparel,95325.60781666666,3000.0,2.8597682345E8
S131,I868370,H&m Cotton Shirt,Apparel,95325.60781666666,3000.0,2.8597682345E8
S125,I868370,H&m Cotton Shirt,Apparel,95325.60781666666,3000.0,2.8597682345E8
S108,I868370,H&m Cotton Shirt,Apparel,95325.60781666666,3000.0,2.8597682345E8
S109,I868370,H&m Cotton Shirt,Apparel,95325.60781666666,3000.0,2.8597682345E8
S146,I868370,H&m Cotton Shirt,Apparel,95325.60781666666,3000.0,2.8597682345E8
S112,I868370,H&m Cotton Shirt,Apparel,95325.60781666666,3000.0,2.8597682345E8
S150,I868370,H&m Cotton Shirt,Apparel,95325.60781666666,3000.0,2.8597682345E8
S103,I868370,H&m Cotton Shirt,Apparel,95325.60781666666,3000.0,2.8597682345E8
S113,I868370,H&m Cotton Shirt,Apparel,95325.60781666666,3000.0,2.8597682345E8
S147,I868370,H&m Cotton Shirt,Apparel,95325.60781666666,3000.0,2.8597682345E8
S138,I868370,H&m Cotton Shirt,Apparel,95325.60781666666,3000.0,2.8597682345E8
S122,I868370,H&m Cotton Shirt,Apparel,95325.60781666666,3000.0,2.8597682345E8
S133,I868370,H&m Cotton Shirt,Apparel,95325.60781666666,3000.0,2.8597682345E8
S123,I868370,H&m Cotton Shirt,Apparel,95325.60781666666,3000.0,2.8597682345E8
S144,I868370,H&m Cotton Shirt,Apparel,95325.60781666666,3000.0,2.8597682345E8
S137,I868370,H&m Cotton Shirt,Apparel,95325.60781666666,3000.0,2.8597682345E8
S117,I868370,H&m Cotton Shirt,Apparel,95325.60781666666,3000.0,2.8597682345E8
S134,I868370,H&m Cotton Shirt,Apparel,95325.60781666666,3000.0,2.8597682345E8
S130,I868370,H&m Cotton Shirt,Apparel,95325.60781666666,3000.0,2.8597682345E8
S121,I868370,H&m Cotton Shirt,Apparel,95325.60781666666,3000.0,2.8597682345E8
S114,I868370,H&m Cotton Shirt,Apparel,95325.60781666666,3000.0,2.8597682345E8
S124,I868370,H&m Cotton Shirt,Apparel,95325.60781666666,3000.0,2.8597682345E8
S111,I868370,H&m Cotton Shirt,Apparel,95325.60781666666,3000.0,2.8597682345E8
S128,I868370,H&m Cotton Shirt,Apparel,95325.60781666666,3000.0,2.8597682345E8
S116,I868370,H&m Cotton Shirt,Apparel,95325.60781666666,3000.0,2.8597682345E8
S142,I868370,H&m Cotton Shirt,Apparel,95325.60781666666,3000.0,2.8597682345E8
S132,I868370,H&m Cotton Shirt,Apparel,95325.60781666666,3000.0,2.8597682345E8
S139,I868370,H&m Cotton Shirt,Apparel,95325.60781666666,3000.0,2.8597682345E8
S127,I868370,H&m Cotton Shirt,Apparel,95325.60781666666,3000.0,2.8597682345E8
S141,I868370,H&m Cotton Shirt,Apparel,95325.60781666666,3000.0,2.8597682345E8
S140,I868370,H&m Cotton Shirt,Apparel,95325.60781666666,3000.0,2.8597682345E8
S149,I917562,Bajaj Mixer Grinder,Home Appliances,3664.340084745763,118.0,432392.13
S105,I917562,Bajaj Mixer Grinder,Home Appliances,3664.340084745763,118.0,432392.13
S148,I917562,Bajaj Mixer Grinder,Home Appliances,3664.340084745763,118.0,432392.13
S106,I917562,Bajaj Mixer Grinder,Home Appliances,3664.340084745763,118.0,432392.13
S102,I917562,Bajaj Mixer Grinder,Home Appliances,3664.340084745763,118.0,432392.13
S104,I917562,Bajaj Mixer Grinder,Home Appliances,3664.340084745763,118.0,432392.13
S120,I917562,Bajaj Mixer Grinder,Home Appliances,3664.340084745763,118.0,432392.13
S143,I917562,Bajaj Mixer Grinder,Home Appliances,3664.340084745763,118.0,432392.13
S119,I917562,Bajaj Mixer Grinder,Home Appliances,3664.340084745763,118.0,432392.13
S145,I917562,Bajaj Mixer Grinder,Home Appliances,3664.340084745763,118.0,432392.13
S136,I917562,Bajaj Mixer Grinder,Home Appliances,3664.340084745763,118.0,432392.13
S115,I917562,Bajaj Mixer Grinder,Home Appliances,3664.340084745763,118.0,432392.13
S107,I917562,Bajaj Mixer Grinder,Home Appliances,3664.340084745763,118.0,432392.13
S110,I917562,Bajaj Mixer Grinder,Home Appliances,3664.340084745763,118.0,432392.13
S118,I917562,Bajaj Mixer Grinder,Home Appliances,3664.340084745763,118.0,432392.13
S101,I917562,Bajaj Mixer Grinder,Home Appliances,3664.340084745763,118.0,432392.13
S129,I917562,Bajaj Mixer Grinder,Home Appliances,3664.340084745763,118.0,432392.13
S126,I917562,Bajaj Mixer Grinder,Home Appliances,3664.340084745763,118.0,432392.13
S135,I917562,Bajaj Mixer Grinder,Home Appliances,3664.340084745763,118.0,432392.13
S131,I917562,Bajaj Mixer Grinder,Home Appliances,3664.340084745763,118.0,432392.13
S125,I917562,Bajaj Mixer Grinder,Home Appliances,3664.340084745763,118.0,432392.13
S108,I917562,Bajaj Mixer Grinder,Home Appliances,3664.340084745763,118.0,432392.13
S109,I917562,Bajaj Mixer Grinder,Home Appliances,3664.340084745763,118.0,432392.13
S146,I917562,Bajaj Mixer Grinder,Home Appliances,3664.340084745763,118.0,432392.13
S112,I917562,Bajaj Mixer Grinder,Home Appliances,3664.340084745763,118.0,432392.13
S150,I917562,Bajaj Mixer Grinder,Home Appliances,3664.340084745763,118.0,432392.13
S103,I917562,Bajaj Mixer Grinder,Home Appliances,3664.340084745763,118.0,432392.13
S113,I917562,Bajaj Mixer Grinder,Home Appliances,3664.340084745763,118.0,432392.13
S147,I917562,Bajaj Mixer Grinder,Home Appliances,3664.340084745763,118.0,432392.13
S138,I917562,Bajaj Mixer Grinder,Home Appliances,3664.340084745763,118.0,432392.13
S100,I917562,Bajaj Mixer Grinder,Home Appliances,3664.340084745763,118.0,432392.13
S122,I917562,Bajaj Mixer Grinder,Home Appliances,3664.340084745763,118.0,432392.13
S133,I917562,Bajaj Mixer Grinder,Home Appliances,3664.340084745763,118.0,432392.13
S144,I917562,Bajaj Mixer Grinder,Home Appliances,3664.340084745763,118.0,432392.13
S137,I917562,Bajaj Mixer Grinder,Home Appliances,3664.340084745763,118.0,432392.13
S117,I917562,Bajaj Mixer Grinder,Home Appliances,3664.340084745763,118.0,432392.13
S134,I917562,Bajaj Mixer Grinder,Home Appliances,3664.340084745763,118.0,432392.13
S130,I917562,Bajaj Mixer Grinder,Home Appliances,3664.340084745763,118.0,432392.13
S121,I917562,Bajaj Mixer Grinder,Home Appliances,3664.340084745763,118.0,432392.13
S114,I917562,Bajaj Mixer Grinder,Home Appliances,3664.340084745763,118.0,432392.13
S124,I917562,Bajaj Mixer Grinder,Home Appliances,3664.340084745763,118.0,432392.13
S111,I917562,Bajaj Mixer Grinder,Home Appliances,3664.340084745763,118.0,432392.13
S128,I917562,Bajaj Mixer Grinder,Home Appliances,3664.340084745763,118.0,432392.13
S116,I917562,Bajaj Mixer Grinder,Home Appliances,3664.340084745763,118.0,432392.13
S142,I917562,Bajaj Mixer Grinder,Home Appliances,3664.340084745763,118.0,432392.13
S132,I917562,Bajaj Mixer Grinder,Home Appliances,3664.340084745763,118.0,432392.13
S139,I917562,Bajaj Mixer Grinder,Home Appliances,3664.340084745763,118.0,432392.13
S127,I917562,Bajaj Mixer Grinder,Home Appliances,3664.340084745763,118.0,432392.13
S141,I917562,Bajaj Mixer Grinder,Home Appliances,3664.340084745763,118.0,432392.13
S140,I917562,Bajaj Mixer Grinder,Home Appliances,3664.340084745763,118.0,432392.13
S149,I928475,Samsung 55” Smart Tv,Home Appliances,0.0,2616.0,0.0
S105,I928475,Samsung 55” Smart Tv,Home Appliances,0.0,2616.0,0.0
S148,I928475,Samsung 55” Smart Tv,Home Appliances,0.0,2616.0,0.0
S106,I928475,Samsung 55” Smart Tv,Home Appliances,0.0,2616.0,0.0
S102,I928475,Samsung 55” Smart Tv,Home Appliances,0.0,2616.0,0.0
S104,I928475,Samsung 55” Smart Tv,Home Appliances,0.0,2616.0,0.0
S120,I928475,Samsung 55” Smart Tv,Home Appliances,0.0,2616.0,0.0
S143,I928475,Samsung 55” Smart Tv,Home Appliances,0.0,2616.0,0.0
S119,I928475,Samsung 55” Smart Tv,Home Appliances,0.0,2616.0,0.0
S145,I928475,Samsung 55” Smart Tv,Home Appliances,0.0,2616.0,0.0
S136,I928475,Samsung 55” Smart Tv,Home Appliances,0.0,2616.0,0.0
S107,I928475,Samsung 55” Smart Tv,Home Appliances,0.0,2616.0,0.0
S110,I928475,Samsung 55” Smart Tv,Home Appliances,0.0,2616.0,0.0
S118,I928475,Samsung 55” Smart Tv,Home Appliances,0.0,2616.0,0.0
S101,I928475,Samsung 55” Smart Tv,Home Appliances,0.0,2616.0,0.0
S129,I928475,Samsung 55” Smart Tv,Home Appliances,0.0,2616.0,0.0
S126,I928475,Samsung 55” Smart Tv,Home Appliances,0.0,2616.0,0.0
S135,I928475,Samsung 55” Smart Tv,Home Appliances,0.0,2616.0,0.0
S131,I928475,Samsung 55” Smart Tv,Home Appliances,0.0,2616.0,0.0
S125,I928475,Samsung 55” Smart Tv,Home Appliances,0.0,2616.0,0.0
S108,I928475,Samsung 55” Smart Tv,Home Appliances,0.0,2616.0,0.0
S109,I928475,Samsung 55” Smart Tv,Home Appliances,0.0,2616.0,0.0
S146,I928475,Samsung 55” Smart Tv,Home Appliances,0.0,2616.0,0.0
S112,I928475,Samsung 55” Smart Tv,Home Appliances,0.0,2616.0,0.0
S150,I928475,Samsung 55” Smart Tv,Home Appliances,0.0,2616.0,0.0
S103,I928475,Samsung 55” Smart Tv,Home Appliances,0.0,2616.0,0.0
S113,I928475,Samsung 55” Smart Tv,Home Appliances,0.0,2616.0,0.0
S147,I928475,Samsung 55” Smart Tv,Home Appliances,0.0,2616.0,0.0
S138,I928475,Samsung 55” Smart Tv,Home Appliances,0.0,2616.0,0.0
S100,I928475,Samsung 55” Smart Tv,Home Appliances,0.0,2616.0,0.0
S122,I928475,Samsung 55” Smart Tv,Home Appliances,0.0,2616.0,0.0
S133,I928475,Samsung 55” Smart Tv,Home Appliances,0.0,2616.0,0.0
S123,I928475,Samsung 55” Smart Tv,Home Appliances,0.0,2616.0,0.0
S144,I928475,Samsung 55” Smart Tv,Home Appliances,0.0,2616.0,0.0
S137,I928475,Samsung 55” Smart Tv,Home Appliances,0.0,2616.0,0.0
S117,I928475,Samsung 55” Smart Tv,Home Appliances,0.0,2616.0,0.0
S134,I928475,Samsung 55” Smart Tv,Home Appliances,0.0,2616.0,0.0
S130,I928475,Samsung 55” Smart Tv,Home Appliances,0.0,2616.0,0.0
S121,I928475,Samsung 55” Smart Tv,Home Appliances,0.0,2616.0,0.0
S114,I928475,Samsung 55” Smart Tv,Home Appliances,0.0,2616.0,0.0
S124,I928475,Samsung 55” Smart Tv,Home Appliances,0.0,2616.0,0.0
S111,I928475,Samsung 55” Smart Tv,Home Appliances,0.0,2616.0,0.0
S128,I928475,Samsung 55” Smart Tv,Home Appliances,0.0,2616.0,0.0
S116,I928475,Samsung 55” Smart Tv,Home Appliances,0.0,2616.0,0.0
S142,I928475,Samsung 55” Smart Tv,Home Appliances,0.0,2616.0,0.0
S132,I928475,Samsung 55” Smart Tv,Home Appliances,0.0,2616.0,0.0
S139,I928475,Samsung 55” Smart Tv,Home Appliances,0.0,2616.0,0.0
S127,I928475,Samsung 55” Smart Tv,Home Appliances,0.0,2616.0,0.0
S141,I928475,Samsung 55” Smart Tv,Home Appliances,0.0,2616.0,0.0
S140,I928475,Samsung 55” Smart Tv,Home Appliances,0.0,2616.0,0.0
S149,I93125,Dyson Vacuum Cleaner,Home Appliances,92189.65355333334,3000.0,2.7656896066E8
S105,I93125,Dyson Vacuum Cleaner,Home Appliances,92189.65355333334,3000.0,2.7656896066E8
S148,I93125,Dyson Vacuum Cleaner,Home Appliances,92189.65355333334,3000.0,2.7656896066E8
S106,I93125,Dyson Vacuum Cleaner,Home Appliances,92189.65355333334,3000.0,2.7656896066E8
S102,I93125,Dyson Vacuum Cleaner,Home Appliances,92189.65355333334,3000.0,2.7656896066E8
S120,I93125,Dyson Vacuum Cleaner,Home Appliances,92189.65355333334,3000.0,2.7656896066E8
S143,I93125,Dyson Vacuum Cleaner,Home Appliances,92189.65355333334,3000.0,2.7656896066E8
S119,I93125,Dyson Vacuum Cleaner,Home Appliances,92189.65355333334,3000.0,2.7656896066E8
S145,I93125,Dyson Vacuum Cleaner,Home Appliances,92189.65355333334,3000.0,2.7656896066E8
S136,I93125,Dyson Vacuum Cleaner,Home Appliances,92189.65355333334,3000.0,2.7656896066E8
S115,I93125,Dyson Vacuum Cleaner,Home Appliances,92189.65355333334,3000.0,2.7656896066E8
S107,I93125,Dyson Vacuum Cleaner,Home Appliances,92189.65355333334,3000.0,2.7656896066E8
S110,I93125,Dyson Vacuum Cleaner,Home Appliances,92189.65355333334,3000.0,2.7656896066E8
S118,I93125,Dyson Vacuum Cleaner,Home Appliances,92189.65355333334,3000.0,2.7656896066E8
S101,I93125,Dyson Vacuum Cleaner,Home Appliances,92189.65355333334,3000.0,2.7656896066E8
S129,I93125,Dyson Vacuum Cleaner,Home Appliances,92189.65355333334,3000.0,2.7656896066E8
S126,I93125,Dyson Vacuum Cleaner,Home Appliances,92189.65355333334,3000.0,2.7656896066E8
S135,I93125,Dyson Vacuum Cleaner,Home Appliances,92189.65355333334,3000.0,2.7656896066E8
S131,I93125,Dyson Vacuum Cleaner,Home Appliances,92189.65355333334,3000.0,2.7656896066E8
S125,I93125,Dyson Vacuum Cleaner,Home Appliances,92189.65355333334,3000.0,2.7656896066E8
S108,I93125,Dyson Vacuum Cleaner,Home Appliances,92189.65355333334,3000.0,2.7656896066E8
S109,I93125,Dyson Vacuum Cleaner,Home Appliances,92189.65355333334,3000.0,2.7656896066E8
S146,I93125,Dyson Vacuum Cleaner,Home Appliances,92189.65355333334,3000.0,2.7656896066E8
S112,I93125,Dyson Vacuum Cleaner,Home Appliances,92189.65355333334,3000.0,2.7656896066E8
S150,I93125,Dyson Vacuum Cleaner,Home Appliances,92189.65355333334,3000.0,2.7656896066E8
S103,I93125,Dyson Vacuum Cleaner,Home Appliances,92189.65355333334,3000.0,2.7656896066E8
S113,I93125,Dyson Vacuum Cleaner,Home Appliances,92189.65355333334,3000.0,2.7656896066E8
S147,I93125,Dyson Vacuum Cleaner,Home Appliances,92189.65355333334,3000.0,2.7656896066E8
S138,I93125,Dyson Vacuum Cleaner,Home Appliances,92189.65355333334,3000.0,2.7656896066E8
S100,I93125,Dyson Vacuum Cleaner,Home Appliances,92189.65355333334,3000.0,2.7656896066E8
S122,I93125,Dyson Vacuum Cleaner,Home Appliances,92189.65355333334,3000.0,2.7656896066E8
S133,I93125,Dyson Vacuum Cleaner,Home Appliances,92189.65355333334,3000.0,2.7656896066E8
S123,I93125,Dyson Vacuum Cleaner,Home Appliances,92189.65355333334,3000.0,2.7656896066E8
S144,I93125,Dyson Vacuum Cleaner,Home Appliances,92189.65355333334,3000.0,2.7656896066E8
S137,I93125,Dyson Vacuum Cleaner,Home Appliances,92189.65355333334,3000.0,2.7656896066E8
S117,I93125,Dyson Vacuum Cleaner,Home Appliances,92189.65355333334,3000.0,2.7656896066E8
S134,I93125,Dyson Vacuum Cleaner,Home Appliances,92189.65355333334,3000.0,2.7656896066E8
S130,I93125,Dyson Vacuum Cleaner,Home Appliances,92189.65355333334,3000.0,2.7656896066E8
S121,I93125,Dyson Vacuum Cleaner,Home Appliances,92189.65355333334,3000.0,2.7656896066E8
S114,I93125,Dyson Vacuum Cleaner,Home Appliances,92189.65355333334,3000.0,2.7656896066E8
S124,I93125,Dyson Vacuum Cleaner,Home Appliances,92189.65355333334,3000.0,2.7656896066E8
S111,I93125,Dyson Vacuum Cleaner,Home Appliances,92189.65355333334,3000.0,2.7656896066E8
S128,I93125,Dyson Vacuum Cleaner,Home Appliances,92189.65355333334,3000.0,2.7656896066E8
S116,I93125,Dyson Vacuum Cleaner,Home Appliances,92189.65355333334,3000.0,2.7656896066E8
S142,I93125,Dyson Vacuum Cleaner,Home Appliances,92189.65355333334,3000.0,2.7656896066E8
S132,I93125,Dyson Vacuum Cleaner,Home Appliances,92189.65355333334,3000.0,2.7656896066E8
S139,I93125,Dyson Vacuum Cleaner,Home Appliances,92189.65355333334,3000.0,2.7656896066E8
S127,I93125,Dyson Vacuum Cleaner,Home Appliances,92189.65355333334,3000.0,2.7656896066E8
S141,I93125,Dyson Vacuum Cleaner,Home Appliances,92189.65355333334,3000.0,2.7656896066E8
S140,I93125,Dyson Vacuum Cleaner,Home Appliances,92189.65355333334,3000.0,2.7656896066E8
S149,I965226,Sony Wh-1000xm5 Headphones,Electronics,132003.40416739704,2282.0,3.0123176831000006E8
S105,I965226,Sony Wh-1000xm5 Headphones,Electronics,132003.40416739704,2282.0,3.0123176831000006E8
S148,I965226,Sony Wh-1000xm5 Headphones,Electronics,132003.40416739704,2282.0,3.0123176831000006E8
S106,I965226,Sony Wh-1000xm5 Headphones,Electronics,132003.40416739704,2282.0,3.0123176831000006E8
S102,I965226,Sony Wh-1000xm5 Headphones,Electronics,132003.40416739704,2282.0,3.0123176831000006E8
S104,I965226,Sony Wh-1000xm5 Headphones,Electronics,132003.40416739704,2282.0,3.0123176831000006E8
S120,I965226,Sony Wh-1000xm5 Headphones,Electronics,132003.40416739704,2282.0,3.0123176831000006E8
S143,I965226,Sony Wh-1000xm5 Headphones,Electronics,132003.40416739704,2282.0,3.0123176831000006E8
S119,I965226,Sony Wh-1000xm5 Headphones,Electronics,132003.40416739704,2282.0,3.0123176831000006E8
S145,I965226,Sony Wh-1000xm5 Headphones,Electronics,132003.40416739704,2282.0,3.0123176831000006E8
S136,I965226,Sony Wh-1000xm5 Headphones,Electronics,132003.40416739704,2282.0,3.0123176831000006E8
S115,I965226,Sony Wh-1000xm5 Headphones,Electronics,132003.40416739704,2282.0,3.0123176831000006E8
S107,I965226,Sony Wh-1000xm5 Headphones,Electronics,132003.40416739704,2282.0,3.0123176831000006E8
S110,I965226,Sony Wh-1000xm5 Headphones,Electronics,132003.40416739704,2282.0,3.0123176831000006E8
S118,I965226,Sony Wh-1000xm5 Headphones,Electronics,132003.40416739704,2282.0,3.0123176831000006E8
S101,I965226,Sony Wh-1000xm5 Headphones,Electronics,132003.40416739704,2282.0,3.0123176831000006E8
S129,I965226,Sony Wh-1000xm5 Headphones,Electronics,132003.40416739704,2282.0,3.0123176831000006E8
S126,I965226,Sony Wh-1000xm5 Headphones,Electronics,132003.40416739704,2282.0,3.0123176831000006E8
S135,I965226,Sony Wh-1000xm5 Headphones,Electronics,132003.40416739704,2282.0,3.0123176831000006E8
S131,I965226,Sony Wh-1000xm5 Headphones,Electronics,132003.40416739704,2282.0,3.0123176831000006E8
S125,I965226,Sony Wh-1000xm5 Headphones,Electronics,132003.40416739704,2282.0,3.0123176831000006E8
S108,I965226,Sony Wh-1000xm5 Headphones,Electronics,132003.40416739704,2282.0,3.0123176831000006E8
S109,I965226,Sony Wh-1000xm5 Headphones,Electronics,132003.40416739704,2282.0,3.0123176831000006E8
S146,I965226,Sony Wh-1000xm5 Headphones,Electronics,132003.40416739704,2282.0,3.0123176831000006E8
S150,I965226,Sony Wh-1000xm5 Headphones,Electronics,132003.40416739704,2282.0,3.0123176831000006E8
S103,I965226,Sony Wh-1000xm5 Headphones,Electronics,132003.40416739704,2282.0,3.0123176831000006E8
S113,I965226,Sony Wh-1000xm5 Headphones,Electronics,132003.40416739704,2282.0,3.0123176831000006E8
S147,I965226,Sony Wh-1000xm5 Headphones,Electronics,132003.40416739704,2282.0,3.0123176831000006E8
S138,I965226,Sony Wh-1000xm5 Headphones,Electronics,132003.40416739704,2282.0,3.0123176831000006E8
S100,I965226,Sony Wh-1000xm5 Headphones,Electronics,132003.40416739704,2282.0,3.0123176831000006E8
S122,I965226,Sony Wh-1000xm5 Headphones,Electronics,132003.40416739704,2282.0,3.0123176831000006E8
S133,I965226,Sony Wh-1000xm5 Headphones,Electronics,132003.40416739704,2282.0,3.0123176831000006E8
S123,I965226,Sony Wh-1000xm5 Headphones,Electronics,132003.40416739704,2282.0,3.0123176831000006E8
S144,I965226,Sony Wh-1000xm5 Headphones,Electronics,132003.40416739704,2282.0,3.0123176831000006E8
S137,I965226,Sony Wh-1000xm5 Headphones,Electronics,132003.40416739704,2282.0,3.0123176831000006E8
S117,I965226,Sony Wh-1000xm5 Headphones,Electronics,132003.40416739704,2282.0,3.0123176831000006E8
S134,I965226,Sony Wh-1000xm5 Headphones,Electronics,132003.40416739704,2282.0,3.0123176831000006E8
S130,I965226,Sony Wh-1000xm5 Headphones,Electronics,132003.40416739704,2282.0,3.0123176831000006E8
S121,I965226,Sony Wh-1000xm5 Headphones,Electronics,132003.40416739704,2282.0,3.0123176831000006E8
S114,I965226,Sony Wh-1000xm5 Headphones,Electronics,132003.40416739704,2282.0,3.0123176831000006E8
S124,I965226,Sony Wh-1000xm5 Headphones,Electronics,132003.40416739704,2282.0,3.0123176831000006E8
S111,I965226,Sony Wh-1000xm5 Headphones,Electronics,132003.40416739704,2282.0,3.0123176831000006E8
S128,I965226,Sony Wh-1000xm5 Headphones,Electronics,132003.40416739704,2282.0,3.0123176831000006E8
S116,I965226,Sony Wh-1000xm5 Headphones,Electronics,132003.40416739704,2282.0,3.0123176831000006E8
S142,I965226,Sony Wh-1000xm5 Headphones,Electronics,132003.40416739704,2282.0,3.0123176831000006E8
S132,I965226,Sony Wh-1000xm5 Headphones,Electronics,132003.40416739704,2282.0,3.0123176831000006E8
S139,I965226,Sony Wh-1000xm5 Headphones,Electronics,132003.40416739704,2282.0,3.0123176831000006E8
S127,I965226,Sony Wh-1000xm5 Headphones,Electronics,132003.40416739704,2282.0,3.0123176831000006E8
S141,I965226,Sony Wh-1000xm5 Headphones,Electronics,132003.40416739704,2282.0,3.0123176831000006E8
S140,I965226,Sony Wh-1000xm5 Headphones,Electronics,132003.40416739704,2282.0,3.0123176831000006E8
S149,I968716,Allen Solly Formal Pants,Apparel,19.99,2000.0,39980.0
S105,I968716,Allen Solly Formal Pants,Apparel,19.99,2000.0,39980.0
S148,I968716,Allen Solly Formal Pants,Apparel,19.99,2000.0,39980.0
S106,I968716,Allen Solly Formal Pants,Apparel,19.99,2000.0,39980.0
S102,I968716,Allen Solly Formal Pants,Apparel,19.99,2000.0,39980.0
S104,I968716,Allen Solly Formal Pants,Apparel,19.99,2000.0,39980.0
S120,I968716,Allen Solly Formal Pants,Apparel,19.99,2000.0,39980.0
S143,I968716,Allen Solly Formal Pants,Apparel,19.99,2000.0,39980.0
S145,I968716,Allen Solly Formal Pants,Apparel,19.99,2000.0,39980.0
S136,I968716,Allen Solly Formal Pants,Apparel,19.99,2000.0,39980.0
S115,I968716,Allen Solly Formal Pants,Apparel,19.99,2000.0,39980.0
S107,I968716,Allen Solly Formal Pants,Apparel,19.99,2000.0,39980.0
S110,I968716,Allen Solly Formal Pants,Apparel,19.99,2000.0,39980.0
S118,I968716,Allen Solly Formal Pants,Apparel,19.99,2000.0,39980.0
S101,I968716,Allen Solly Formal Pants,Apparel,19.99,2000.0,39980.0
S129,I968716,Allen Solly Formal Pants,Apparel,19.99,2000.0,39980.0
S126,I968716,Allen Solly Formal Pants,Apparel,19.99,2000.0,39980.0
S135,I968716,Allen Solly Formal Pants,Apparel,19.99,2000.0,39980.0
S131,I968716,Allen Solly Formal Pants,Apparel,19.99,2000.0,39980.0
S125,I968716,Allen Solly Formal Pants,Apparel,19.99,2000.0,39980.0
S108,I968716,Allen Solly Formal Pants,Apparel,19.99,2000.0,39980.0
S109,I968716,Allen Solly Formal Pants,Apparel,19.99,2000.0,39980.0
S146,I968716,Allen Solly Formal Pants,Apparel,19.99,2000.0,39980.0
S112,I968716,Allen Solly Formal Pants,Apparel,19.99,2000.0,39980.0
S150,I968716,Allen Solly Formal Pants,Apparel,19.99,2000.0,39980.0
S103,I968716,Allen Solly Formal Pants,Apparel,19.99,2000.0,39980.0
S113,I968716,Allen Solly Formal Pants,Apparel,19.99,2000.0,39980.0
S147,I968716,Allen Solly Formal Pants,Apparel,19.99,2000.0,39980.0
S138,I968716,Allen Solly Formal Pants,Apparel,19.99,2000.0,39980.0
S100,I968716,Allen Solly Formal Pants,Apparel,19.99,2000.0,39980.0
S122,I968716,Allen Solly Formal Pants,Apparel,19.99,2000.0,39980.0
S133,I968716,Allen Solly Formal Pants,Apparel,19.99,2000.0,39980.0
S123,I968716,Allen Solly Formal Pants,Apparel,19.99,2000.0,39980.0
S144,I968716,Allen Solly Formal Pants,Apparel,19.99,2000.0,39980.0
S137,I968716,Allen Solly Formal Pants,Apparel,19.99,2000.0,39980.0
S117,I968716,Allen Solly Formal Pants,Apparel,19.99,2000.0,39980.0
S134,I968716,Allen Solly Formal Pants,Apparel,19.99,2000.0,39980.0
S130,I968716,Allen Solly Formal Pants,Apparel,19.99,2000.0,39980.0
S121,I968716,Allen Solly Formal Pants,Apparel,19.99,2000.0,39980.0
S114,I968716,Allen Solly Formal Pants,Apparel,19.99,2000.0,39980.0
S124,I968716,Allen Solly Formal Pants,Apparel,19.99,2000.0,39980.0
S111,I968716,Allen Solly Formal Pants,Apparel,19.99,2000.0,39980.0
S128,I968716,Allen Solly Formal Pants,Apparel,19.99,2000.0,39980.0
S116,I968716,Allen Solly Formal Pants,Apparel,19.99,2000.0,39980.0
S142,I968716,Allen Solly Formal Pants,Apparel,19.99,2000.0,39980.0
S132,I968716,Allen Solly Formal Pants,Apparel,19.99,2000.0,39980.0
S139,I968716,Allen Solly Formal Pants,Apparel,19.99,2000.0,39980.0
S127,I968716,Allen Solly Formal Pants,Apparel,19.99,2000.0,39980.0
S141,I968716,Allen Solly Formal Pants,Apparel,19.99,2000.0,39980.0
S140,I968716,Allen Solly Formal Pants,Apparel,19.99,2000.0,39980.0
S149,I975352,Dell Xps 13 Laptop,Electronics,27929.62098717949,780.0,2.178510437E7
S105,I975352,Dell Xps 13 Laptop,Electronics,27929.62098717949,780.0,2.178510437E7
S148,I975352,Dell Xps 13 Laptop,Electronics,27929.62098717949,780.0,2.178510437E7
S106,I975352,Dell Xps 13 Laptop,Electronics,27929.62098717949,780.0,2.178510437E7
S102,I975352,Dell Xps 13 Laptop,Electronics,27929.62098717949,780.0,2.178510437E7
S104,I975352,Dell Xps 13 Laptop,Electronics,27929.62098717949,780.0,2.178510437E7
S120,I975352,Dell Xps 13 Laptop,Electronics,27929.62098717949,780.0,2.178510437E7
S143,I975352,Dell Xps 13 Laptop,Electronics,27929.62098717949,780.0,2.178510437E7
S119,I975352,Dell Xps 13 Laptop,Electronics,27929.62098717949,780.0,2.178510437E7
S145,I975352,Dell Xps 13 Laptop,Electronics,27929.62098717949,780.0,2.178510437E7
S136,I975352,Dell Xps 13 Laptop,Electronics,27929.62098717949,780.0,2.178510437E7
S115,I975352,Dell Xps 13 Laptop,Electronics,27929.62098717949,780.0,2.178510437E7
S107,I975352,Dell Xps 13 Laptop,Electronics,27929.62098717949,780.0,2.178510437E7
S110,I975352,Dell Xps 13 Laptop,Electronics,27929.62098717949,780.0,2.178510437E7
S118,I975352,Dell Xps 13 Laptop,Electronics,27929.62098717949,780.0,2.178510437E7
S101,I975352,Dell Xps 13 Laptop,Electronics,27929.62098717949,780.0,2.178510437E7
S129,I975352,Dell Xps 13 Laptop,Electronics,27929.62098717949,780.0,2.178510437E7
S126,I975352,Dell Xps 13 Laptop,Electronics,27929.62098717949,780.0,2.178510437E7
S135,I975352,Dell Xps 13 Laptop,Electronics,27929.62098717949,780.0,2.178510437E7
S131,I975352,Dell Xps 13 Laptop,Electronics,27929.62098717949,780.0,2.178510437E7
S108,I975352,Dell Xps 13 Laptop,Electronics,27929.62098717949,780.0,2.178510437E7
S109,I975352,Dell Xps 13 Laptop,Electronics,27929.62098717949,780.0,2.178510437E7
S146,I975352,Dell Xps 13 Laptop,Electronics,27929.62098717949,780.0,2.178510437E7
S112,I975352,Dell Xps 13 Laptop,Electronics,27929.62098717949,780.0,2.178510437E7
S150,I975352,Dell Xps 13 Laptop,Electronics,27929.62098717949,780.0,2.178510437E7
S103,I975352,Dell Xps 13 Laptop,Electronics,27929.62098717949,780.0,2.178510437E7
S113,I975352,Dell Xps 13 Laptop,Electronics,27929.62098717949,780.0,2.178510437E7
S147,I975352,Dell Xps 13 Laptop,Electronics,27929.62098717949,780.0,2.178510437E7
S138,I975352,Dell Xps 13 Laptop,Electronics,27929.62098717949,780.0,2.178510437E7
S100,I975352,Dell Xps 13 Laptop,Electronics,27929.62098717949,780.0,2.178510437E7
S122,I975352,Dell Xps 13 Laptop,Electronics,27929.62098717949,780.0,2.178510437E7
S133,I975352,Dell Xps 13 Laptop,Electronics,27929.62098717949,780.0,2.178510437E7
S123,I975352,Dell Xps 13 Laptop,Electronics,27929.62098717949,780.0,2.178510437E7
S144,I975352,Dell Xps 13 Laptop,Electronics,27929.62098717949,780.0,2.178510437E7
S137,I975352,Dell Xps 13 Laptop,Electronics,27929.62098717949,780.0,2.178510437E7
S117,I975352,Dell Xps 13 Laptop,Electronics,27929.62098717949,780.0,2.178510437E7
S134,I975352,Dell Xps 13 Laptop,Electronics,27929.62098717949,780.0,2.178510437E7
S130,I975352,Dell Xps 13 Laptop,Electronics,27929.62098717949,780.0,2.178510437E7
S121,I975352,Dell Xps 13 Laptop,Electronics,27929.62098717949,780.0,2.178510437E7
S114,I975352,Dell Xps 13 Laptop,Electronics,27929.62098717949,780.0,2.178510437E7
S124,I975352,Dell Xps 13 Laptop,Electronics,27929.62098717949,780.0,2.178510437E7
S111,I975352,Dell Xps 13 Laptop,Electronics,27929.62098717949,780.0,2.178510437E7
S128,I975352,Dell Xps 13 Laptop,Electronics,27929.62098717949,780.0,2.178510437E7
S116,I975352,Dell Xps 13 Laptop,Electronics,27929.62098717949,780.0,2.178510437E7
S142,I975352,Dell Xps 13 Laptop,Electronics,27929.62098717949,780.0,2.178510437E7
S132,I975352,Dell Xps 13 Laptop,Electronics,27929.62098717949,780.0,2.178510437E7
S139,I975352,Dell Xps 13 Laptop,Electronics,27929.62098717949,780.0,2.178510437E7
S127,I975352,Dell Xps 13 Laptop,Electronics,27929.62098717949,780.0,2.178510437E7
S141,I975352,Dell Xps 13 Laptop,Electronics,27929.62098717949,780.0,2.178510437E7
S140,I975352,Dell Xps 13 Laptop,Electronics,27929.62098717949,780.0,2.178510437E7
S149,I986637,Dyson Vacuum Cleaner,Home Appliances,6713.002556666667,3000.0,2.013900767E7
S105,I986637,Dyson Vacuum Cleaner,Home Appliances,6713.002556666667,3000.0,2.013900767E7
S148,I986637,Dyson Vacuum Cleaner,Home Appliances,6713.002556666667,3000.0,2.013900767E7
S106,I986637,Dyson Vacuum Cleaner,Home Appliances,6713.002556666667,3000.0,2.013900767E7
S102,I986637,Dyson Vacuum Cleaner,Home Appliances,6713.002556666667,3000.0,2.013900767E7
S104,I986637,Dyson Vacuum Cleaner,Home Appliances,6713.002556666667,3000.0,2.013900767E7
S120,I986637,Dyson Vacuum Cleaner,Home Appliances,6713.002556666667,3000.0,2.013900767E7
S143,I986637,Dyson Vacuum Cleaner,Home Appliances,6713.002556666667,3000.0,2.013900767E7
S119,I986637,Dyson Vacuum Cleaner,Home Appliances,6713.002556666667,3000.0,2.013900767E7
S145,I986637,Dyson Vacuum Cleaner,Home Appliances,6713.002556666667,3000.0,2.013900767E7
S136,I986637,Dyson Vacuum Cleaner,Home Appliances,6713.002556666667,3000.0,2.013900767E7
S115,I986637,Dyson Vacuum Cleaner,Home Appliances,6713.002556666667,3000.0,2.013900767E7
S107,I986637,Dyson Vacuum Cleaner,Home Appliances,6713.002556666667,3000.0,2.013900767E7
S110,I986637,Dyson Vacuum Cleaner,Home Appliances,6713.002556666667,3000.0,2.013900767E7
S118,I986637,Dyson Vacuum Cleaner,Home Appliances,6713.002556666667,3000.0,2.013900767E7
S101,I986637,Dyson Vacuum Cleaner,Home Appliances,6713.002556666667,3000.0,2.013900767E7
S129,I986637,Dyson Vacuum Cleaner,Home Appliances,6713.002556666667,3000.0,2.013900767E7
S126,I986637,Dyson Vacuum Cleaner,Home Appliances,6713.002556666667,3000.0,2.013900767E7
S135,I986637,Dyson Vacuum Cleaner,Home Appliances,6713.002556666667,3000.0,2.013900767E7
S131,I986637,Dyson Vacuum Cleaner,Home Appliances,6713.002556666667,3000.0,2.013900767E7
S125,I986637,Dyson Vacuum Cleaner,Home Appliances,6713.002556666667,3000.0,2.013900767E7
S108,I986637,Dyson Vacuum Cleaner,Home Appliances,6713.002556666667,3000.0,2.013900767E7
S109,I986637,Dyson Vacuum Cleaner,Home Appliances,6713.002556666667,3000.0,2.013900767E7
S146,I986637,Dyson Vacuum Cleaner,Home Appliances,6713.002556666667,3000.0,2.013900767E7
S112,I986637,Dyson Vacuum Cleaner,Home Appliances,6713.002556666667,3000.0,2.013900767E7
S150,I986637,Dyson Vacuum Cleaner,Home Appliances,6713.002556666667,3000.0,2.013900767E7
S103,I986637,Dyson Vacuum Cleaner,Home Appliances,6713.002556666667,3000.0,2.013900767E7
S113,I986637,Dyson Vacuum Cleaner,Home Appliances,6713.002556666667,3000.0,2.013900767E7
S147,I986637,Dyson Vacuum Cleaner,Home Appliances,6713.002556666667,3000.0,2.013900767E7
S138,I986637,Dyson Vacuum Cleaner,Home Appliances,6713.002556666667,3000.0,2.013900767E7
S100,I986637,Dyson Vacuum Cleaner,Home Appliances,6713.002556666667,3000.0,2.013900767E7
S122,I986637,Dyson Vacuum Cleaner,Home Appliances,6713.002556666667,3000.0,2.013900767E7
S133,I986637,Dyson Vacuum Cleaner,Home Appliances,6713.002556666667,3000.0,2.013900767E7
S123,I986637,Dyson Vacuum Cleaner,Home Appliances,6713.002556666667,3000.0,2.013900767E7
S144,I986637,Dyson Vacuum Cleaner,Home Appliances,6713.002556666667,3000.0,2.013900767E7
S137,I986637,Dyson Vacuum Cleaner,Home Appliances,6713.002556666667,3000.0,2.013900767E7
S117,I986637,Dyson Vacuum Cleaner,Home Appliances,6713.002556666667,3000.0,2.013900767E7
S134,I986637,Dyson Vacuum Cleaner,Home Appliances,6713.002556666667,3000.0,2.013900767E7
S130,I986637,Dyson Vacuum Cleaner,Home Appliances,6713.002556666667,3000.0,2.013900767E7
S121,I986637,Dyson Vacuum Cleaner,Home Appliances,6713.002556666667,3000.0,2.013900767E7
S124,I986637,Dyson Vacuum Cleaner,Home Appliances,6713.002556666667,3000.0,2.013900767E7
S111,I986637,Dyson Vacuum Cleaner,Home Appliances,6713.002556666667,3000.0,2.013900767E7
S128,I986637,Dyson Vacuum Cleaner,Home Appliances,6713.002556666667,3000.0,2.013900767E7
S116,I986637,Dyson Vacuum Cleaner,Home Appliances,6713.002556666667,3000.0,2.013900767E7
S142,I986637,Dyson Vacuum Cleaner,Home Appliances,6713.002556666667,3000.0,2.013900767E7
S132,I986637,Dyson Vacuum Cleaner,Home Appliances,6713.002556666667,3000.0,2.013900767E7
S139,I986637,Dyson Vacuum Cleaner,Home Appliances,6713.002556666667,3000.0,2.013900767E7
S127,I986637,Dyson Vacuum Cleaner,Home Appliances,6713.002556666667,3000.0,2.013900767E7
S141,I986637,Dyson Vacuum Cleaner,Home Appliances,6713.002556666667,3000.0,2.013900767E7
S140,I986637,Dyson Vacuum Cleaner,Home Appliances,6713.002556666667,3000.0,2.013900767E7
S149,I988278,H&m Cotton Shirt,Apparel,34745.16625646329,967.0,3.359857577E7
S105,I988278,H&m Cotton Shirt,Apparel,34745.16625646329,967.0,3.359857577E7
S148,I988278,H&m Cotton Shirt,Apparel,34745.16625646329,967.0,3.359857577E7
S106,I988278,H&m Cotton Shirt,Apparel,34745.16625646329,967.0,3.359857577E7
S102,I988278,H&m Cotton Shirt,Apparel,34745.16625646329,967.0,3.359857577E7
S104,I988278,H&m Cotton Shirt,Apparel,34745.16625646329,967.0,3.359857577E7
S120,I988278,H&m Cotton Shirt,Apparel,34745.16625646329,967.0,3.359857577E7
S143,I988278,H&m Cotton Shirt,Apparel,34745.16625646329,967.0,3.359857577E7
S119,I988278,H&m Cotton Shirt,Apparel,34745.16625646329,967.0,3.359857577E7
S145,I988278,H&m Cotton Shirt,Apparel,34745.16625646329,967.0,3.359857577E7
S136,I988278,H&m Cotton Shirt,Apparel,34745.16625646329,967.0,3.359857577E7
S115,I988278,H&m Cotton Shirt,Apparel,34745.16625646329,967.0,3.359857577E7
S107,I988278,H&m Cotton Shirt,Apparel,34745.16625646329,967.0,3.359857577E7
S110,I988278,H&m Cotton Shirt,Apparel,34745.16625646329,967.0,3.359857577E7
S118,I988278,H&m Cotton Shirt,Apparel,34745.16625646329,967.0,3.359857577E7
S101,I988278,H&m Cotton Shirt,Apparel,34745.16625646329,967.0,3.359857577E7
S129,I988278,H&m Cotton Shirt,Apparel,34745.16625646329,967.0,3.359857577E7
S135,I988278,H&m Cotton Shirt,Apparel,34745.16625646329,967.0,3.359857577E7
S131,I988278,H&m Cotton Shirt,Apparel,34745.16625646329,967.0,3.359857577E7
S125,I988278,H&m Cotton Shirt,Apparel,34745.16625646329,967.0,3.359857577E7
S108,I988278,H&m Cotton Shirt,Apparel,34745.16625646329,967.0,3.359857577E7
S109,I988278,H&m Cotton Shirt,Apparel,34745.16625646329,967.0,3.359857577E7
S146,I988278,H&m Cotton Shirt,Apparel,34745.16625646329,967.0,3.359857577E7
S112,I988278,H&m Cotton Shirt,Apparel,34745.16625646329,967.0,3.359857577E7
S150,I988278,H&m Cotton Shirt,Apparel,34745.16625646329,967.0,3.359857577E7
S103,I988278,H&m Cotton Shirt,Apparel,34745.16625646329,967.0,3.359857577E7
S113,I988278,H&m Cotton Shirt,Apparel,34745.16625646329,967.0,3.359857577E7
S147,I988278,H&m Cotton Shirt,Apparel,34745.16625646329,967.0,3.359857577E7
S138,I988278,H&m Cotton Shirt,Apparel,34745.16625646329,967.0,3.359857577E7
S100,I988278,H&m Cotton Shirt,Apparel,34745.16625646329,967.0,3.359857577E7
S122,I988278,H&m Cotton Shirt,Apparel,34745.16625646329,967.0,3.359857577E7
S133,I988278,H&m Cotton Shirt,Apparel,34745.16625646329,967.0,3.359857577E7
S123,I988278,H&m Cotton Shirt,Apparel,34745.16625646329,967.0,3.359857577E7
S144,I988278,H&m Cotton Shirt,Apparel,34745.16625646329,967.0,3.359857577E7
S137,I988278,H&m Cotton Shirt,Apparel,34745.16625646329,967.0,3.359857577E7
S117,I988278,H&m Cotton Shirt,Apparel,34745.16625646329,967.0,3.359857577E7
S134,I988278,H&m Cotton Shirt,Apparel,34745.16625646329,967.0,3.359857577E7
S130,I988278,H&m Cotton Shirt,Apparel,34745.16625646329,967.0,3.359857577E7
S121,I988278,H&m Cotton Shirt,Apparel,34745.16625646329,967.0,3.359857577E7
S114,I988278,H&m Cotton Shirt,Apparel,34745.16625646329,967.0,3.359857577E7
S124,I988278,H&m Cotton Shirt,Apparel,34745.16625646329,967.0,3.359857577E7
S111,I988278,H&m Cotton Shirt,Apparel,34745.16625646329,967.0,3.359857577E7
S128,I988278,H&m Cotton Shirt,Apparel,34745.16625646329,967.0,3.359857577E7
S116,I988278,H&m Cotton Shirt,Apparel,34745.16625646329,967.0,3.359857577E7
S142,I988278,H&m Cotton Shirt,Apparel,34745.16625646329,967.0,3.359857577E7
S132,I988278,H&m Cotton Shirt,Apparel,34745.16625646329,967.0,3.359857577E7
S139,I988278,H&m Cotton Shirt,Apparel,34745.16625646329,967.0,3.359857577E7
S127,I988278,H&m Cotton Shirt,Apparel,34745.16625646329,967.0,3.359857577E7
S141,I988278,H&m Cotton Shirt,Apparel,34745.16625646329,967.0,3.359857577E7
S140,I988278,H&m Cotton Shirt,Apparel,34745.16625646329,967.0,3.359857577E7
S149,I995193,Bajaj Mixer Grinder,Home Appliances,140174.47764197068,2659.0,3.7272393605E8
S105,I995193,Bajaj Mixer Grinder,Home Appliances,140174.47764197068,2659.0,3.7272393605E8
S148,I995193,Bajaj Mixer Grinder,Home Appliances,140174.47764197068,2659.0,3.7272393605E8
S106,I995193,Bajaj Mixer Grinder,Home Appliances,140174.47764197068,2659.0,3.7272393605E8
S102,I995193,Bajaj Mixer Grinder,Home Appliances,140174.47764197068,2659.0,3.7272393605E8
S104,I995193,Bajaj Mixer Grinder,Home Appliances,140174.47764197068,2659.0,3.7272393605E8
S120,I995193,Bajaj Mixer Grinder,Home Appliances,140174.47764197068,2659.0,3.7272393605E8
S143,I995193,Bajaj Mixer Grinder,Home Appliances,140174.47764197068,2659.0,3.7272393605E8
S119,I995193,Bajaj Mixer Grinder,Home Appliances,140174.47764197068,2659.0,3.7272393605E8
S145,I995193,Bajaj Mixer Grinder,Home Appliances,140174.47764197068,2659.0,3.7272393605E8
S136,I995193,Bajaj Mixer Grinder,Home Appliances,140174.47764197068,2659.0,3.7272393605E8
S115,I995193,Bajaj Mixer Grinder,Home Appliances,140174.47764197068,2659.0,3.7272393605E8
S107,I995193,Bajaj Mixer Grinder,Home Appliances,140174.47764197068,2659.0,3.7272393605E8
S110,I995193,Bajaj Mixer Grinder,Home Appliances,140174.47764197068,2659.0,3.7272393605E8
S118,I995193,Bajaj Mixer Grinder,Home Appliances,140174.47764197068,2659.0,3.7272393605E8
S101,I995193,Bajaj Mixer Grinder,Home Appliances,140174.47764197068,2659.0,3.7272393605E8
S129,I995193,Bajaj Mixer Grinder,Home Appliances,140174.47764197068,2659.0,3.7272393605E8
S126,I995193,Bajaj Mixer Grinder,Home Appliances,140174.47764197068,2659.0,3.7272393605E8
S135,I995193,Bajaj Mixer Grinder,Home Appliances,140174.47764197068,2659.0,3.7272393605E8
S131,I995193,Bajaj Mixer Grinder,Home Appliances,140174.47764197068,2659.0,3.7272393605E8
S125,I995193,Bajaj Mixer Grinder,Home Appliances,140174.47764197068,2659.0,3.7272393605E8
S108,I995193,Bajaj Mixer Grinder,Home Appliances,140174.47764197068,2659.0,3.7272393605E8
S109,I995193,Bajaj Mixer Grinder,Home Appliances,140174.47764197068,2659.0,3.7272393605E8
S146,I995193,Bajaj Mixer Grinder,Home Appliances,140174.47764197068,2659.0,3.7272393605E8
S112,I995193,Bajaj Mixer Grinder,Home Appliances,140174.47764197068,2659.0,3.7272393605E8
S150,I995193,Bajaj Mixer Grinder,Home Appliances,140174.47764197068,2659.0,3.7272393605E8
S103,I995193,Bajaj Mixer Grinder,Home Appliances,140174.47764197068,2659.0,3.7272393605E8
S113,I995193,Bajaj Mixer Grinder,Home Appliances,140174.47764197068,2659.0,3.7272393605E8
S147,I995193,Bajaj Mixer Grinder,Home Appliances,140174.47764197068,2659.0,3.7272393605E8
S138,I995193,Bajaj Mixer Grinder,Home Appliances,140174.47764197068,2659.0,3.7272393605E8
S100,I995193,Bajaj Mixer Grinder,Home Appliances,140174.47764197068,2659.0,3.7272393605E8
S122,I995193,Bajaj Mixer Grinder,Home Appliances,140174.47764197068,2659.0,3.7272393605E8
S133,I995193,Bajaj Mixer Grinder,Home Appliances,140174.47764197068,2659.0,3.7272393605E8
S123,I995193,Bajaj Mixer Grinder,Home Appliances,140174.47764197068,2659.0,3.7272393605E8
S144,I995193,Bajaj Mixer Grinder,Home Appliances,140174.47764197068,2659.0,3.7272393605E8
S137,I995193,Bajaj Mixer Grinder,Home Appliances,140174.47764197068,2659.0,3.7272393605E8
S117,I995193,Bajaj Mixer Grinder,Home Appliances,140174.47764197068,2659.0,3.7272393605E8
S134,I995193,Bajaj Mixer Grinder,Home Appliances,140174.47764197068,2659.0,3.7272393605E8
S130,I995193,Bajaj Mixer Grinder,Home Appliances,140174.47764197068,2659.0,3.7272393605E8
S121,I995193,Bajaj Mixer Grinder,Home Appliances,140174.47764197068,2659.0,3.7272393605E8
S114,I995193,Bajaj Mixer Grinder,Home Appliances,140174.47764197068,2659.0,3.7272393605E8
S124,I995193,Bajaj Mixer Grinder,Home Appliances,140174.47764197068,2659.0,3.7272393605E8
S111,I995193,Bajaj Mixer Grinder,Home Appliances,140174.47764197068,2659.0,3.7272393605E8
S128,I995193,Bajaj Mixer Grinder,Home Appliances,140174.47764197068,2659.0,3.7272393605E8
S116,I995193,Bajaj Mixer Grinder,Home Appliances,140174.47764197068,2659.0,3.7272393605E8
S142,I995193,Bajaj Mixer Grinder,Home Appliances,140174.47764197068,2659.0,3.7272393605E8
S132,I995193,Bajaj Mixer Grinder,Home Appliances,140174.47764197068,2659.0,3.7272393605E8
S139,I995193,Bajaj Mixer Grinder,Home Appliances,140174.47764197068,2659.0,3.7272393605E8
S127,I995193,Bajaj Mixer Grinder,Home Appliances,140174.47764197068,2659.0,3.7272393605E8
S141,I995193,Bajaj Mixer Grinder,Home Appliances,140174.47764197068,2659.0,3.7272393605E8
